Part Number,Description,Cost per Unit,Notes,MECO Part Number,Manufacturer,Vendor,In Stock,Update,UL File Number,UL CCN,Related Panel Details,Related Job Parts Lists,Label
12AWG TYPE THHN (,"WIRE,#12AWG,BLACK,STRANDED
TYPE THHN (#12AWG BLACK)",$0.40 ,,2803309000,,,,,,,"4CVKk_AAmb4y22XSBA5hce , 7Bvt4nbe1n4nImqChV1Oqa , AIAGKyI9_E4SYP0TpddPP8 , Y3t6-ZEsGd4rqtqGlo7EF9 , 6EJHpQi79m4QQNv-7sunn9 , Sjxhhx2mG04SEZZ835KZ41","cAVoGWIWEv4GMsKIL0N-33 , h-DnawczvF4reoEjpC2NL8 , 6udu6z65t-4Dedp9t_5FMe , tZ3mu5xK9j4hi4h_mbcg28 , IsMeSrPKcm4UQ31f4bfC70 , xvh81rBulg4wUTN80nG0ja",MECO 2803309000
10376IPNLTAG,"NAMETAG,INSTRUMENT PANEL,00.063""THK,
2-PLY MATTE,PHENOLIC TYPE,
WHITE BACKGROUND,BLACK LETTERING,WITH ADHESIVE
FOR PERMANENT ATTACHMENT
TEXT PER DRAWING #10376IPNLTAG",$0.00 ,,10376IPNLTAG,,,,,,,fZfYp72PUX4SMjJJFfVeTd,"yaaBzAIHlb4mYxeTfna7W4 , t9qtDcxe4V4dQW_Wyk3NP4",MECO 10376IPNLTAG
"PANEL,GAUGE,MSS","PANEL,GAUGE,MSS,FOR PNEUMATIC INSTRUMENT PANEL (FISHER REGULATORS), 63MM GAUGES LOCKING SHUTOFF VALVE,2 GAUGES,1 REGULATOR",$155.00 ,,2204938001,,,,,,,"hGUr8dsSRi4DQM5aEr-K71 , IO2P_XXMhm4SY5SAWkD5U0 , 0wqidTVzLE4lmaEH77RuTe , FR7CBaK_z24OumsayGsdG3","yVqhP3CfbM4RMAGwu83A8a , 9ng69mO8Wc4sIYZ8FZWIJ1 , eRKgZCPKbd4WuuDfvkEeN5 , HzSXdduN4G4KIzQmdzAxN3 , 3uf9MJu3yM4LI8ePi3v1k9",MECO 2204938001
"NUT,LOCK,HEX,00.250""-20UNC-2B,WITH NYLON INSERT,304SST(18-8)","NUT,LOCK,HEX,00.250""-20UNC-2B,WITH NYLON INSERT,304SST(18-8)",$0.25 ,,3502853000,,,,,,,"_o1WH_pvTs4Gupv1bUK7-5 , SYNuD_62jD4OYlYiMW3HOf , zMDYiKacHF45YkXfhqjZBa , ywgGW4i0YS4nMt2FSs1vba , _e8f0qZM114dybI64Crna2","TJs2es9tsh4A642_t41Rd2 , vSMP5nre3w4m6YgSwohVB6 , x8D3ilsT1u4pAS_DmPXcbe , rn4nW2-nCX4BURkDKR7Y90 , wdhBv9BE4J4cEJ4b3UdFlb , Cag3n0TCzc4wqmujhTk964",MECO 3502853000
"CAPSCREW,HEX,00.313""-18UNC-2A X 01.125""LG","CAPSCREW,HEX,00.313""-18UNC-2A X 01.125""LG,316SST, ASTM F593,GROUP 2 (OR ASTM A193,GRADE B8M,CLASS 2)",$1.50 ,,3500396000,,,,,,,"kzlvNbHOXI4eiMq6PcHDzb , 3n7O8UbBE34bqz7XUuCGrb , tJ4X4u51gu49uIMLty3Hn0","ZWMyQX6bpp4Xi2UTb9syea , FcZDx8Eys24-aYUkJssLx1 , V3VBBjGuS34pETg8dQwcY9 , b5dksy4-a74-Qf6nGLT7uf",MECO 3500396000
10376PNEUV-ITAGS,"NAMETAG SET,CS PNEU PANEL VALVES & INSTRUMENTS,00.063""THK,
2-PLY MATTE,WHITE BACKGROUND,BEVEL EDGE
TEXT PER DWG # 10376PNEUV-ITAGS",$0.00 ,,10376PNEUV-ITAGS,,,,,,,O1y95k-kHV4oimlBwD--O6,"iS2w09jv3F4sYTYR_woo89 , S_Ziji8Qna48UomKMfdQE5",MECO 10376PNEUV-ITAGS
"10-24UNC-2A X 00.375""LG","SCREW,MACH,RND HD,#10-24UNC-2A X 00.375""LG,
SLOTTED,304SST,ANSI B18.6.3",$2.50 ,,3503146000,,,,,,,"GaKP4xM2B649mXvi5CxOze , 0vlqCEjXyQ4Lufb16mc0A4 , PKxfHgqVbY4t6KcEendv23 , yYGi710q-S49etGRaIAD43 , WwFaefHwhW4Ge_qTTs8mq4","QDI3edP58f4jUjeoPU3Eme , CoTs9mvgPA4w21S3HdzIK5 , u_eUbvAPuW4sIMLTp0EWkd , dOsu6BZIyr4zec3u8Qv6_9 , --F-mkpk3-4MQMv_VgRJC7 , e2GtfCrveE4RuMbCn4UWC1",MECO 3503146000
10376CC,"PANEL,DISCONNECT,DISTRIBUTION SKID,
REF DWG # 10376CC
(QC ONLY PRINT CC UPON REQUEST FROM MFG)",$0.00 ,,10376MCC,,,,,,,PdEoTgEMb14aE5kbxv7vIb,"IHmCSh8S554k2acZKQjVTa , k2CZTAPq0o4RiXt_yQkP5a",MECO 10376MCC
10376MCCTAG,"NAMETAG,DISCONNECT PANEL,00.063""THK,
2-PLY MATTE,PHENOLIC TYPE,
WHITE BACKGROUND,BLACK LETTERING,WITH ADHESIVE
FOR PERMANENT ATTACHMENT
TEXT PER DRAWING #10376MCCTAG",$0.00 ,,10376MCCTAG,,,,,,,jn-XeVmQNX4TI5dE7dLVY2,"fsQIYSeEZL4IyzsmCA2GDb , LosGhys83s4oaN-sxkIScc",MECO 10376MCCTAG
10376MCCTAG2,"NAMETAG,DISCONNECT PANEL,00.063""THK,
2-PLY MATTE,PHENOLIC TYPE,
WHITE BACKGROUND,BLACK LETTERING,WITH ADHESIVE
FOR PERMANENT ATTACHMENT
TEXT PER DRAWING #10376MCCTAG2",$0.00 ,,10376MCCTAG2,,,,,,,gU-Vv-CsnN4nip0k3fnpq1,"NEM3hp5sPx42YfNSSuZUq4 , 1BMXG4L_XX4FaWL4-KItJ1",MECO 10376MCCTAG2
8AWG TYPE THHN (,"WIRE,#8AWG,BROWN
TYPE THHN (#8AWG BROWN)",$50.00 ,,2851134000,,,,,,,59NL8cXrET4SEFwRITfFV7,"898gER-3qQ4fud-jHBt-ud , UzYb2tWunF4Pu97z1LamX5",MECO 2851134000
8AWG TYPE THHN (,"WIRE,#8AWG,ORANGE
TYPE THHN (#8AWG ORANGE)",$50.00 ,,2851133000,,,,,,,wjZkJlBhTx4hEbOC_mCo14,"cVl0-cewef48iF6ahJ83re , PJ9mvtD-ja41QLcobhT6B4",MECO 2851133000
10374IPNLTAG,"NAMETAG,INSTRUMENT PANEL,00.063""THK,
2-PLY MATTE,PHENOLIC TYPE,WHITE BACKGROUND,
BLACK LETTERING,WITH ADHESIVE FOR PERMANENT ATTACHMENT
TEXT PER DWG # 10374IPNLTAG",$0.00 ,,10374IPNLTAG,,,,,,,DIdPKbScMe4YQ89sgeg0n4,"KjdeFPm8Gg4iqhVSQTVnl7 , Ij74EqOiDm4-e7iKWD63v1",MECO 10374IPNLTAG
"MONITOR, CONDUCTIVITY, 100-240VAC/50-60HZ, 24VDC","MONITOR,CONDUCTIVITY,100-240VAC/50-60HZ,24VDC, 2 CHANNELS,1SPST N.O. & 1SPST N.C. ALARM RELAYS,1/4 DIN,ISM METTLER TOLEDO MODEL M300 WATER,30280778 NOTE TO VENDOR: CERTIFICATE OF CALIBRATION IS REQUIRED","$2,308.00 ",,2205408000,,,,,E480774,PICQ7,"77mu_wYVaH4SAk2SeyU9Rf , VZPnVZF4KU4-U3Z0cjB_o5 , 2vXeWv1uzZ4sAItjXOPtS3","vU5hfDzSWB4e6y18iJ0qsc , y8GQ1ig4_l44eB-zGJH3x3 , ZW8IjSxYuj43MZlowMkqtf",MECO 2205408000
,"NAMETAG,01.000"" X 02.500"",2-PLY,00.062""THK,
WHITE WITH BLACK CORE,BEVEL EDGE

TAG TO READ: MULTI-PARAMETER METER (M800)

SCOT-GRAV OR EQUAL

NO DRAWING REQUIRED",$9.00 ,,3102826001,,,,,,,XnXr3baLtK4lY5wPnHqZj2,"Du0sEPZl-94cyIUWfHQW43 , nX-_mopYK04iqdwe0TDyE9",MECO 3102826001
PL-ES-CN-A10,"LED FLEXIBLE TAPE LIGHT CONNECTOR, 1 METER LENGTH
USED FOR LED FLEXIBLE TAPE LIGHT, 10 METER ROLL
P-TEC #PL-ES-CN-A10",$2.67 ,,2700439000,,,,,,,"pgQFNDQlMb4WydeypyD2E4 , B6uSBtmL_y4cqdGfZcy1-2","UcYkBbNWVB4KaQK6zChck5 , BfXegqN6pR4vuRiJaM1hR7",MECO 2700439000
3102684001,"NAMETAG,01.000"" X 02.500"",2PLY,00.062""THK,
WHITE WITH BLACK CORE,BEVEL EDGE

TAG TO READ: ""HOUR METER""

SCOT-GRAV OR EQUAL
REF DWG # 3102684001",$9.00 ,,3100527000,,,,,,,"QlWqUdZ_PU4rM4rTc_gWNe , 9w7wsc5JoU4960DkbUPR2b , jpRQlBPu3E40YLwMywa148 , XUID0TgPq14xmJQyRGsz1b","AawZF8aYwg4rmHt8zAbp1e , lygvadSVIj45yYqr39Pn5e , syeBIxhJAp4mQjAirO40me , dAnOrFKV594KIpEg0GIod2 , o83TpgH5py4nuzl-MBQRW8",MECO 3100527000
"NAMETAG,01.000"" X 02.500"",2-PLY,00.062""THK, WHITE WITH BLACK CORE","NAMETAG,01.000"" X 02.500"",2-PLY,00.062""THK, WHITE WITH BLACK CORE,BEVEL EDGE TAG TO READ: MULTI-PARAMETER METER SCOT-GRAV OR EQUAL NO DRAWING REQUIRED",$9.00 ,,3102826000,,,,,,,"9k1mZ3Ysac44UQXF6-DqX5 , mIZPIz9WRt4satBxWVfXu0 , zEKdzMXhdk4f6vS8CAboH8 , L0W8J8g7Y4446fwH-Edpbf","i2VyTreahW4OiKyI-w0ctc , 5LklgzI4w34Ba92vTAFk6d , z3tPYDs8YC4VuYB0gJI1b1 , qAUjs7MO8X40uKDbsbiyYc",MECO 3102826000
"MONITOR,CONDUCTIVITY,100-240VAC/50-60HZ,20-30VDC, 4 CHANNELS","MONITOR,CONDUCTIVITY,100-240VAC/50-60HZ,20-30VDC, 4 CHANNELS,(8) CONFIGURABLE RELAYS & (8) 4-20MA ANALOG OUTPUTS,COLOR TOUCH SCREEN NOTE TO VENDOR: TO PROVIDE CALIBRATION CERTIFICATE METTLER TOLEDO MODEL M800,#58 000 804 NOTE TO MECO:  MUST CALL OUT 2205046001 (PANEL MOUNT) WITH THIS ITEM NOTE TO MECO:  MUST USE ISM PROBE","$5,075.00 ",,2205046000,,,,,E480774,PICQ,"VW2bC8Uw5R4UuKbE8wMq5f , HP_MwQoRy54be8BAS7_DL3","JszSzJ8swC4ryQjLcwrV44 , TECym8a5sn4TIIFq3tpwze , 8SAZ_YxBfn4YM0EHZeqdYe",MECO 2205046000
10376CC,"PANEL,INSTRUMENT,DISTRIBUTION SKID,
REF DWG # 10376CC",$155.00 ,,10376IPNL,,,,,,,X022217NBP4L2V5dKytya4,"-E8i9pwTRz4ZyrkibcJZn7 , 9f52OzdSgi4PmH0JvJ2d38",MECO 10376IPNL
,"NAMETAG,01.000"" X 02.500"",2PLY,00.062""THK,WHITE WITH BLACK CORE,
BEVEL EDGE,TEXT HEIGHT 00.1875""
    
TAG TO READ: ""VFD01""
  
SCOT-GRAV OR EQUAL",$9.00 ,,3103148000,,,,,,,t9csckhKNK4Eq7R3enJY15,"ItH1P3CL134GebYza6lLl0 , rNTgQKmgaC4aUhW7N0hHm2",MECO 3103148000
,"NAMETAG,01.000"" X 02.500"",2PLY,00.062""THK,WHITE WITH BLACK CORE,
BEVEL EDGE,TEXT HEIGHT 00.1875""
  
TAG TO READ: ""VFD02""
  
SCOT-GRAV OR EQUAL",$9.00 ,,3103149000,,,,,,,JFxGrS88cA4jeEbykLNDl1,"wjEuSQUeEh4MUojmCs5oU4 , Po2zAFlX9m4pq0S8Oqxor8",MECO 3103149000
10374CC,"PANEL,INSTRUMENT,MASTERPAK ULTRA 4
REF DWG # 10374CC",$155.00 ,,10374IPNL,,,,,,,NrWhAeEAao4PAoYeBl3vG3,"2RCDWc-oLt4cqKeR4q80t8 , 2gcZXsIy2c4-a-hFhtstva",MECO 10374IPNL
30 530 029,"MONITOR,CONDUCTIVITY,100-240VAC/50-60HZ,20-30VDC,
4 CHANNELS,ETHERNET/IP,
ETHERNET OUTPUT,COLOR TOUCH SCREEN

NOTE TO VENDOR: TO PROVIDE CALIBRATION CERTIFICATE

METTLER TOLEDO MODEL M800,#30 530 029

NOTE TO MECO: MUST CALL OUT 2205046001 (PANEL MOUNT) WITH THIS ITEM

NOTE TO MECO: MUST USE ISM PROBE","$5,266.00 ",,2854342000,,,,,E480774,PICQ7,"MG2gVd_uK84-ecUa1uNYk9 , GWXzs1J8Ho4ciOwjIkrPw3","IMrfWWhikj4zQ31Lygubxf , IAOcqPQSc340UAzw6gcfLa",MECO 2854342000
10374PNEUV-ITAGS,"NAMETAG SET,MP VALVES & INSTRUMENTS,00.063""THK
2-PLY MATTE,PHENOLIC TYPE,WHITE BACKGROUND,BEVEL EDGE
TEXT PER DWG # 10374PNEUV-ITAGS",$0.00 ,,10374PNEUV-ITAGS,,,,,,,Pfhmpu15ds436KtSx-yfM0,"ddPvCWAh6c4G23FpP3gFFd , 9Kb3WHKMen4Q226a-MkYmf",MECO 10374PNEUV-ITAGS
,"MANIFOLD,VALVE, SOLENOID,MPA-S WITH CPX TERMINAL
(12)TOTAL STATIONS WITH (12) 2X 3/2 NORMALLY CLOSED SOLENOIDS
ETHERNET COMMUNICATION,WITH POWER CONNECTOR
24VDC,TWIST MANUAL OVERRIDE,WALL MOUNTED,0.250"" OD
WORKING PORTS,G1/4 THREADED SUPPLY PORT.

FESTO 50E-F36GCQS-D+UN 32P-SND-R-M3A-12K","$3,921.09 ",,2610048000,,,,,E239998,NRAQ7,"ilK6yUfYMC4WqQn9oYjFP9 , sT2ynVJBhq41yLcFTTGAQ3",#NAME?,MECO 2610048000
10374CC,"PANEL,DISCONNECT,MASTERPAK ULTRA 4
REF DWG # 10374CC
(QC ONLY PRINT CC UPON REQUEST FROM MFG)",$0.00 ,,10374MCC,,,,,,,6BxXUR244c4VaU_9JzyHj4,"6YomKM4LkW4rU8UWL_T890 , 8eXdiy05cr40uDHL5Gj488",MECO 10374MCC
,"NAMETAG,01.000"" X 02.500"",2-PLY,00.062""THK,
WHITE WITH BLACK CORE,BEVEL EDGE

TAG TO READ: MULTI-PARAMETER METER (M300)

SCOT-GRAV OR EQUAL

NO DRAWING REQUIRED",$9.00 ,,3102826003,,,,,,,#NAME?,"D-X77fLGeC41Eaufi7VS4b , a1_GdiskWe4JA66wD9hpr5",MECO 3102826003
10374MCCTAG,"NAMETAG,MOTOR CONTROL PANEL,00.063""THK,
2-PLY MATTE,PHENOLIC TYPE,WHITE BACKGROUND,
BLACK LETTERING,WITH ADHESIVE FOR PERMANENT ATTACHMENT
TEXT PER DWG # 10374MCCTAG",$0.00 ,,10374MCCTAG,,,,,,,BwVdPDwkRx4yISYUIa_2v9,"RE1BPzNWw64jQ61f34H_E8 , XyvJfHEEFX4XAnm5O_x9be",MECO 10374MCCTAG
12AWG TYPE THHN (,"WIRE,#12AWG,YELLOW,STRANDED
TYPE THHN (#12AWG YELLOW)",$0.40 ,,2808569000,,,,,,,"3RwFzgaiBN4qIIIUww34Sc , Ezq8FuMHb04k6aiOwPQI38 , JDeTTyV80D4oMRusgxzBjc , p_64x779Yc4lEWtBv1dnJd","AuBenvmE934dE-3-fiF25e , eCoXe_Qrtc4wisJtSlIIt0 , JxjjAl1dcA4wIfCNDhE-_5",MECO 2808569000
10AWG TYPE THHN (,"WIRE,# 10AWG,GREEN/YELLOW
TYPE THHN (# 10AWG GREEN/YELLOW)",$0.60 ,,2852416000,,,,,,,"ILLp_ZvbmN4LugrnfGRhb4 , lI1VIA6rdi4A6OMAYVh_7b , 74YxqCHzed4yAJwWs-hhU7 , KBMUqQsZoK4pQSwdOhOAM7","VbgNjoQzz34A6MO-5QF7b9 , hUpn4hJ5zT4h2_xguDli85 , 120VhgCew44yaXu3AHenv0 , kVgvwBc44L4leGBv3ulGf9",MECO 2852416000
14AWG TYPE THHN (,"WIRE,#14AWG,BROWN",,"WIRE,#14AWG,BROWN,STRANDED
TYPE THHN (#14AWG BROWN)",2807247000,,,,,,,xWx3GaimKr4X2LSSevfdC0,,MECO 2807247000
12AWG TYPE THHN (,"WIRE,#12AWG,WHITE,STRANDED
TYPE THHN (#12AWG WHITE)",$0.40 ,,2807059000,,,,,,,"kmRuNPAEZ34sQhyyb_ICia , 2xxUo6D1tV4kyKZyWv8vV6 , AgniBgIKSs46Yh-N27Wcja , fgdV11Yn2c47YzMKH8ATm8 , 7PJInL3Tfz4eI8G5UQF2O3 , CuYXClvTwd4UYNW_924S62","JSQrQE_RmI4seFw2NVo1Db , T_L2VwBOQo4j6DBGRWkLje , eABjGh44IA4byEenzNC_Hf , HKjQpgWX2v4Ka1_rUhsxF5 , 3KDDjp8KpN4zMRlLUSsxX9 , IlfEDABZtX4sqaDdjSni0f",MECO 2807059000
12AWG,"WIRE,#12AWG,GREEN/YELLOW,STRANDED
TYPE THHN",$0.40 ,,2850042000,,,,,,,"E--AC6sKsB4hYndG9EzmVf , MvhehXivuI4tuYtDE_pbX2 , QxAJskBA204rut24Vbx4Aa , -p_CjpOe834e6QzhznH827 , QOxkp44QNu4sq134R5qlXc , cyWR9xfivA4IuWEesmvEb7 , MottsAW3E34OYbcVIPNPO9 , 47TVeP6xnE4caZsmcVDCR3","QlSN7JVf6Z416AS42YwlXa , chvpZVqyk94RessbsYri97 , xuKc42rvLa44m7vmaAzrl2 , ROO8-qmpFI4DyuHnxym0t8 , mrFDNToYLG4umXOlTWqRv6 , N3qCHLPYsy4-iX9-guqlu0 , mu7zt7hmO846ydW_FglI32 , aa2cKIPIS64MixwzTkADb7",MECO 2850042000
14AWG,"WIRE,#14AWG,GREEN/YELLOW,STRANDED
TYPE THHN",$0.35 ,,2850041000,,,,,,,"_FP1xKFx9P45MjWNrncPW8 , cF0fmniPh14dMdWcMlFAw5 , EwJkft7aSL4KyTU_4vNEZf","RQZWiiFbfR4PaZFheeRHjd , t6cHp2YKgS4uiSyXbGVCp0 , k-VtW8f2Vo4CyiLxu35Vhd , kXPEYa9gs84naf7YmUbaVa , 1g8kfd2_5n4CAiiPqioG24",MECO 2850041000
16AWG TYPE TFFN (,"WIRE,#16AWG,GREEN/YELLOW
TYPE TFFN (#16AWG GREEN/YELLOW)",$0.10 ,,2852150000,,,,,,,"NNCY5Ansfs4casPf6lSy21 , GwKFFCEUSP4FMVe1m5aDdf , gjpf-1xj4x48yStg9D1_b6 , BMLZgUE-n44VMKi5XEMnSb , 7Fi2yNT5Kx4aQGpa3mQ4ud , YiZrR7Q7694AyAMNI_liO5 , jO0lu-X_po4OUV1bn0CH7d , XBcEfdqmAp4FeYUbpoUW70 , jT_8IWPo814OE5v4zvc7Uf , 4EjASJbc9s4FiJXM4WiJr8","3SvBZ0mLic4G2z00iqilNa , n3q0rGYM3B4bqDaivWiAN4 , 0hSNhztoqT4wUMasJLVOjf , sAuWU2BiT848M9ubunMkl7 , 1uAZ6ENeRL4ZE6jakVTPGe , Vs4TgWFPgd4vitnT7_8fp6 , 3hzfi_czsa48IlGPInRgea , G7s6xwy1kI4rUYoaYdbCy3 , ROKM7NVpgM4oQ94HVyL2y8 , ezrwKUI0Gs4Ei3dPypb6O6 , RgCjywqaZI4eAbBN-BcwA7",MECO 2852150000
1/0 AWG TYPE THHN (,"WIRE,#1/0 AWG,BLACK                                         
TYPE THHN (# 1/0AWG BLACK)",$3.00 ,,2803384000,,,,,,,"aZNSv26bs84S2X_T2vpID7 , QvPwRhHWm740MQcfcbMxT8 , VoxF224W4y4YmVWptPuDc8","OQPWqqzSz64KA4Xa9u74a6 , z2mEc-fc7v4LU7uGvsKeLe",MECO 2803384000
10401CC,"PANEL,INST,MPU4",,"PANEL,INSTRUMENT,MASTERPAK4 ULTRA
REF DWG # 10401CC",10401IPNL,,,,,,,dmnLys3BQp4t2rqvw2WU80,,MECO 10401IPNL
10401IPNLTAG,"NAMETAG,INSTRUMENT PANEL",,"NAMETAG,INSTRUMENT PANEL,00.063""THK,
2-PLY MATTE,PHENOLIC TYPE,WHITE BACKGROUND,
BLACK LETTERING,WITH ADHESIVE FOR PERMANENT ATTACHMENT
TEXT PER DWG # 10401IPNLTAG",10401IPNLTAG,,,,,,,Q7mSOWkwRk43mQjDLRaEfd,,MECO 10401IPNLTAG
2B FINISH,"SH,316L,00.125""THK",,"SHEET,00.125""THK,316/316LSST,DUAL CERTIFIED,
ASME SA240,S31603,#2B FINISH,PVC COATED ON ONE SIDE

NOTE TO VENDOR: ORIGINAL MANUFACTURER INSPECTION CERTIFICATE IN 
                ACCORDANCE WITH EN10204 TYPE 3.1 TO BE PROVIDED
                WITH SHEET MATERIAL

NOTE:  PURCHASED IN SHEETS 60.000"" X 200.00""",6900002000,,,,,,,"vQXgwq0ANl4Puw6btJ1Tcd , iswp9cPuuz44EVfIIRkJk6 , NFvENbTZWm4yMVLqq3Oes1 , zRmm63CUDB4bUvt9x4J7g9","XyukfMRYaD4XmC4Geb5TG3 , mdxiQBaHps4RuLPFjJThjf , MNyegfM15l4P68aGSYRVJe",MECO 6900002000
"NAMETAG,DIST PUMP VFD","NAMETAG,DIST PUMP VFD",,"NAMETAG,01.000"" X 02.500"",2PLY,00.062""THK,
WHITE WITH BLACK CORE,BEVEL EDGE

TAG TO READ: ""DISTRIBUTION PUMP VFD""

SCOT-GRAV OR EQUAL",3102678000,,,,,,,GzHGzQ8H1c4dABsj-5u2mb,8UvgQgLpW44TakqDzezCO1,MECO 3102678000
10408CC,"INST PANEL,3ME10",,"PANEL,INSTRUMENT,3ME10,
REF DWG# 10408CC",10408IPNL,,,,,,,Pws1ncG59H4ByW6N6OOvm3,YbTPDqG0wc49Eulw8-S1n6,MECO 10408IPNL
10408IPNLTAG,"NAMETAG,INSTRUMENT PANEL",,"NAMETAG,INSTRUMENT PANEL,00.063""THK,
3-PLY MATTE,PHENOLIC TYPE,
WHITE BACKGROUND,BLACK LETTERING,WITH ADHESIVE
FOR PERMANENT ATTACHMENT
TEXT PER DRAWING # 10408IPNLTAG",10408IPNLTAG,,,,,,,lOlYIjH3WM4oAvj1180iS2,x-78eEzsTx4-e8I-BqAWL9,MECO 10408IPNLTAG
10408PNEUV-ITAGS,"NAMETAG SET,VLV & INST,",,"NAMETAG SET,MSS PNEU PANEL VALVES & INSTRUMENTS,00.063""THK,
3 PLY MATTE,WHITE BACKGROUND,BEVEL EDGE
TEXT PER DWG # 10408PNEUV-ITAGS",10408PNEUV-ITAGS,,,,,,,tub9sTQQmS49yrguEP7GL9,wGqFIurQpz4CMCMq4VOoT3,MECO 10408PNEUV-ITAGS
GMA-5A OR GMA-5-R,"FUSE,5 AMPS,125 VOLTS",,"FUSE,5AMPS,125VOLTS
BUSSMAN #GMA-5A OR GMA-5-R",2854188000,,,,,,,BV3QnyrIhA4_i2WFMjwZ47,KklO7CdPl24Baxg6FdhiIc,MECO 2854188000
,"PANEL,GAUGE,PNEU INST PNL",,"PANEL,GAUGE,MSS,FOR PNEUMATIC INSTRUMENT PANEL
(FISHER REGULATORS), 63MM GAUGES
SHUTOFF VALVE,2 GAUGES,1 REGULATOR",2204938000,,,,,,,u2j6dKsl8v4heoLB0GRgF6,3YDu9nPp3G4YMbtOhg1O-d,MECO 2204938000
10408MCCTAG,"NAMETAG,DISCONNECT PANEL",,"NAMETAG,DISCONNECT PANEL,00.063""THK,
3-PLY MATTE,PHENOLIC TYPE,
WHITE BACKGROUND,BLACK LETTERING,WITH ADHESIVE
FOR PERMANENT ATTACHMENT
TEXT PER DRAWING # 10408MCCTAG",10408MCCTAG,,,,,,,heQ2DRkU_64pe79h1iuEB0,wHXL8z6_lC4yEKWeUI4vDf,MECO 10408MCCTAG
,"XMFR,POT,1500VA",,"TRANSFORMER,POT,VA RATING 1500VA,230/460-115V,50/60CY,
WITH FINGER SAFE COVERS,WITH INTERGRAL FUSE BLOCK
SQUARE D CLASS 9070 TYPE TF1500 D1 W/FSC-2
9070TF1500D1",2851608000,,,,,,,amzuZ2e6Dh4hqi80Yfpax3,NErARN5dz14aAgSnI4n6W0,MECO 2851608000
10408CC,"PANEL,PNEU,3ME10",,"PANEL,PNEUMATIC,3ME10,
REF DWG # 10408CC
(QC ONLY PRINT CC UPON REQUEST FROM MFG)",10408PNEU,,,,,,,13tF6hBXKE4sYQf7IlbSId,guj7nN0YcL4q2cLza28Qxf,MECO 10408PNEU
,"CABLE,COMM,ETHERNET/IP",,"CABLE,COMMUNICATION,FOR ETHERNET/IP
MALE RJ45 CONNECTOR TO M12 PLUG
(4-PIN D CODE),FOR FESTO 50E, 3 METER LONG

FESTO 8040452",2853092000,,,,,,,UCiW2ARY8446aQ_1zsGwme,lnbEvkvLiH4Iu4maZdk7re,MECO 2853092000
"screw 316, 00.250""-20","SCR,316, 00.250""-20",,"CAPSCREW,HEX,00.250""-20UNC-2A X 01.000""LG,316SST,ASTM AF593,
GROUP 2 (OR ASTM A193,GRADE B8M,CLASS 2)",3502300000,,,,,,,byPs2a3sa149YPtT9dyQO7,j8AYVgUAE_4pmMhdKuqJE4,MECO 3502300000
"SCREW, 304, 00.250""-20","SCR,304, 00.250""-20",,"CAPSCREW,HEX,00.250""-20UNC-2A X 01.500""LG,304SST,ASTM F593, 
GROUP 1 (OR ASTM A193,GRADE B8,CLASS 2)",3502834000,,,,,,,e2n88XIaMd4om_WB0WmIq5,wWrdHAanb44dAAs3WGwZ7a,MECO 3502834000
,"WASHER,FLAT,00.250""",,"WASHER,FLAT,00.250""BOLT SIZE,00.688""OD X 00.266""ID
X 00.050""THK,316SST",3501919000,,,,,,,Yk056FvYTj4PUpDudMeQB2,I6LJ8jI2uf48mtqjke0Tve,MECO 3501919000
"WASHER,LOCK,00.250"",304SS","WASHER,LOCK,00.250"",304SS",,"WASHER,LOCK,00.250""BOLT SIZE,SPRING,MEDIUM,304SST",3502845000,,,,,,,He7l3w1O3u4IMel_59j0R9,WWwW4mE7-R476jg__7ORhf,MECO 3502845000
,"NUT,304, 00.250""-20",,"NUT,HEX,00.250""-20UNC-2B,304SST,ASTM A194,GRADE 8",3502751000,,,,,,,VdF8UDfSSQ4Eqe4YVwxnxe,RXXWPr4Rep4e2VB49WIlx2,MECO 3502751000
10401CC,"PANEL,DISCONN,MPU4",,"PANEL,DISCONNECT,MASTERPAK4 ULTRA
REF DWG # 10401CC
(QC ONLY PRINT CC UPON REQUEST FROM MFG)",10401MCC,,,,,,,uH885qWzrB4amDupl6XSh7,,MECO 10401MCC
,"BACK PLATE,PNEUMATICS",,"BACK PLATE,PNEUMATICS,FOR PNEUMATIC MANIFOLD,
CONDENSER TEMPERATURE TRANSMITTER
DISPLAY,STANDARD FOR MULTIPLE EFFECT STILL",2205626000,,,,,,,UQI3FRnoHm4jIH7EIgnt14,KAQE6zCQpL4SI2SKQIc322,MECO 2205626000
8AWG TYPE THHN (,"WIRE,# 8AWG,GREEN/YELLOW
TYPE THHN (# 8AWG GREEN/YELLOW)",$50.00 ,,2853090000,,,,,,,QTOxJvNGop4DyymClnLma8,"ylFS2ol5VQ436bDda8Udu2 , wsYp0bv31q4YE0fqducoS6",MECO 2853090000
"CABLE,KEYPAD,REMOTE MOUNT","CABLE,KEYPAD,REMOTE MOUNT",,"CABLE, KEYPAD, REMOTE MOUNTING FOR
YASKAWA GA800 VARIABLE FREQUENCY DRIVE
YASKAWA P/N UWR0052 OR LEGRAND P/N 15199",2854197000,,,,,,,tutn4H_gDK4SYIXv56keFf,Z5EQXEPRqK4X61kqDddE4b,MECO 2854197000
10402MCCTAG,"NAMETAG,DISCONN PANEL",,"NAMETAG,DISCONNECT PANEL,00.063""THK,
2-PLY MATTE,PHENOLIC TYPE,
WHITE BACKGROUND,BLACK LETTERING,WITH ADHESIVE
FOR PERMANENT ATTACHMENT
TEXT PER DRAWING #10402MCCTAG",10402MCCTAG,,,,,,,SToJ8OsjXg4PIvymQEf_Md,JAc9XSmkBk4T6QmMQjWLra,MECO 10402MCCTAG
10401PNEUV-ITAGS,"NAMETAG SET,VLV & INST",,"NAMETAG SET,MP VALVES & INSTRUMENTS,00.063""THK
2-PLY MATTE,PHENOLIC TYPE,WHITE BACKGROUND,BEVEL EDGE
TEXT PER DWG # 10401PNEUV-ITAGS",10401PNEUV-ITAGS,,,,,,,NQJ2aZHi6w4EE2zUiW6EYb,,MECO 10401PNEUV-ITAGS
,"KIT,DATA LOGGER",,"KIT,DATA LOGGER,SQL/FTP/MQTT COMPATIBLE,
INCLUDES PREPROGRAMMED FLEXEDGE DATA LOGGER,
CONFIGURED BY MECO ENGINEERING FOR SMART ANALYTICS

NO DWG REQUIRED",2854292000,,,,,,,txLS_hlWCb4gqwmPl4yzNb,,MECO 2854292000
DA50A0BNN0000030,IIOT PROTOCOL CONVERTER,,"IIOT PROTOCOL CONVERTER, DATA LOGGER,VIRTUAL HMI,
TWO 10/100 BASE-TX ETHERNET RJ45 PORTS WITH
PORT NETWORK ISOLATION, ONE RS-232 SERIAL PORT,
ONE RS-485 SERIAL PORT, USB PORT,MICRO SD PORT,
SINGLE SLED EXPANSION PORT,12-24 VDC
-40 TO 75C OPERATING TEMPERATURE
SQL/FTP/MQTT STORAGE COMPATIBLE

RED LION FLEXEDGE # DA50A0BNN0000030",2854292100,,,,,,,Cn-be9Ldca4eewvzGH-kp5,,MECO 2854292100
,"KIT,VPN COMM GATEWAY",,"KIT,VPN COMMUNICATIONS GATEWAY,PREPROGRAMMED VPN ROUTER
WITH IMBEDDED MODEM, GLOBAL USE SIM CARD,
PANEL MOUNT ANTENNA
CONFIGURED BY MECO ENGINEERING FOR SMART ANALYTICS

NO DWG REQUIRED",2854291000,,,,,,,0BWHanvGdD4iYyBUuXJzg4,,MECO 2854291000
V-81WLR CHECKPOINT,"ROUTER,VPN,1570R,4G/LTE",,"ROUTER,VPN,1570R,IMBEDDED 4G/LTE CELLULAR MODEM,
CAN SUPPORT 2.4/5.0GHZ WIFI FOR USA AND CANADA REGION ONLY
10.2-72VDC,USB,8 PORT ETHERNET SWITCH,DMZ/WAN PORTS,
DIN RAIL MOUNT

HARDWARE MODEL #V-81WLR
CHECKPOINT #CPAP-SG1570RWLTE-US-SNBT-DC",2854291100,,,,,,,Dpt2fUpqs44NYjNwfNMx70,,MECO 2854291100
IN1957-B OR,"ANTENNA,LOW PROFILE",,"ANTENNA,LOW PROFILE,DIRECT PERMANENT MOUNT
MIMO 2X2 3G/4G/LTE,COMES WITH SMA EXTENSION CABLES
NO GROUND PLANE NECESSARY,BLACK

PANORAMA #IN1957-B OR #IN1959-B",2854291200,,,,,,,189dKKjacK4bmiMXum_B5c,,MECO 2854291200
ADVANCED2 3FF,"CARD,SIM,CELLULAR MODEM",,"CARD,SIM,FOR CELLULAR MODEM,MICRO SIM SIZE
MULTIPLE OPERATOR COVERAGE,GLOBAL COMPATIBILITY
        
SIERRA WIRELESS SMART SIM #ADVANCED2 3FF
        
NOTE TO MECO:
   ORDER SIM CARDS VIA SIERRA AIRVANTAGE ACCOUNT
   ACTIVATE USING SIERRA AIRVANTAGE ACCOUNT",2854134001,,,,,,,zKFgPs5qm34fi4Lshnyc4a,,MECO 2854134001
"KIT, DIGITAL OPERATOR","KIT,DIGITAL OPERATOR",,"KIT,DIGITAL OPERATOR, REMOTE MOUNTING FOR
YASKAWA GA800 VARIABLE FREQUENCY DRIVE
TYPE 12/3R MOUNT (WITH EMBEDDED STUDS)
YASKAWA P/N 900-239-230-001",2854196000,,,,,,,m0MsOYPouW4jebeN0AKCqe,hoQtGEZYjy4eQyELj83z17,MECO 2854196000
,"MODULE,COMM,ETHERNET",,"MODULE,COMMUNICATION,ETHERNET I/P BACNET
FOR ALLEN-BRADLEY PLC SYSTEM
PROSOFT PS-QS-2210-F",2854391000,,,,,,,"72tN9fdfsz4XAZq0ayoSR3 , RdfySakiFI4_qrHRYGAySd",H4th-iGNnX4AIilc5IomV6,MECO 2854391000
,"XMFR,POT,2000VA",,"TRANSFORMER,POT,VA RATING 2000VA,230/460-115V,50/60CY,
WITH FINGER SAFE COVERS,WITH INTERGRAL FUSE BLOCK
SQUARE D CLASS 9070 TYPE TF2000 D1 W/FSC-2",2809669000,,,,,,,"w9AbNicW2n4xqyskEEPQFd , 6NSjKVcf1D4k64VwQIHM7c",,MECO 2809669000
10402CC,"PANEL,INST,DIST SKID",,"PANEL,INSTRUMENT,DISTRIBUTION SKID,
REF DWG # 10402CC",10402IPNL,,,,,,,OHqOussCIR41ya_YTPQDde,BCaamzydY94xm91vfshLl2,MECO 10402IPNL
10402IPNLTAG,"NAMETAG,INSTRUMENT PANEL",,"NAMETAG,INSTRUMENT PANEL,00.063""THK,
2-PLY MATTE,PHENOLIC TYPE,
WHITE BACKGROUND,BLACK LETTERING,WITH ADHESIVE
FOR PERMANENT ATTACHMENT
TEXT PER DRAWING #10402IPNLTAG",10402IPNLTAG,,,,,,,yZDqjC3WH94LEHVNK7A8F8,1tz9g7hDH24FaT4cBikvg8,MECO 10402IPNLTAG
10402PNEUV-ITAGS,"NAMETAG SET,VLV & INST,",,"NAMETAG SET,CS PNEU PANEL VALVES & INSTRUMENTS,00.063""THK,
2-PLY MATTE,WHITE BACKGROUND,BEVEL EDGE
TEXT PER DWG # 10402PNEUV-ITAGS",10402PNEUV-ITAGS,,,,,,,i1aUpyhBvq4kmvS3SqwP1b,wl5yFHIsmZ4oePvDI-FOY0,MECO 10402PNEUV-ITAGS
"CAPSCREW,304, 00.250""-20","SCR,304, 00.250""-20",,"CAPSCREW,HEX,00.250""-20UNC-2A X 00.750""LG,304SST,ASTM F593, 
GROUP 1 (OR ASTM A193,GRADE B8,CLASS 2)",3500480000,,,,,,,"EOAaFH8FAh4Ouu6SStcmn3 , feSPVjRwne4gqJizH2b3x5","C5_rYxcPQd4mMbGCcroM36 , RmJeItihxN4hIni2gF6ao8",MECO 3500480000
,"TUBE,316, 00.250""OD",,"TUBE,00.250""OD X 00.035""W,(20 GA),WELDED,
BRIGHT ANNEALED,316SST,ASTM A269,TP316

NOTE TO MECO:  COMMONLY USED ON AIR LINES",6870003000,,,,,,,HdzBknxtZl4gMYvI3xIq6d,TJ8f9fGCf64bIdbp8BDiUb,MECO 6870003000
10401MCCTAG,"NAMETAG,MOTOR CTRL,PANEL",,"NAMETAG,MOTOR CONTROL PANEL,00.063""THK,
2-PLY MATTE,PHENOLIC TYPE,WHITE BACKGROUND,
BLACK LETTERING,WITH ADHESIVE FOR PERMANENT ATTACHMENT
TEXT PER DWG # 10401MCCTAG",10401MCCTAG,,,,,,,"xMn5233nTG43IbAwHV3x3c , GGwRgLDT2s4-EgSIUkbC31",,MECO 10401MCCTAG
8AWG TYPE THHN (,"WIRE,#8AWG,YELLOW
TYPE THHN (#8AWG YELLOW)",$50.00 ,,2851135000,,,,,,,QizIEFLD9h4TeYZSua20Da,"8X2HmGoZj_4HYpJfEb_Jb3 , -_DlMmBdQ14SAuZZ5sZ_lf",MECO 2851135000
14AWG TYPE THHN (,"WIRE,#14AWG,ORANGE",,"WIRE,#14AWG,ORANGE,STRANDED
TYPE THHN (#14AWG ORANGE)",2804707000,,,,,,,inJ-7E2Wxo4DuzaTAsF-w1,,MECO 2804707000
PLSO-FS5050-24-60WW65-10M,"LED FLEXIBLE TAPE LIGHT, 10 METER ROLL
24VDC, 60 LEDS PER METER IP65
P-TEC #PLSO-FS5050-24-60WW65-10M",$105.07 ,,2700438000,,,,,,,"E3E2vw-gDD4EuDAw00_yI4 , 9ijJotQjcg4MalqMUBqjVa , iJFyu3yxqZ4tI-9Cx-ILn8 , bTzJpQAiSM4VeXwji-UiO3 , XdiXIreWm44aqFQDHBgYKd","L4gJmdl72V4NIGIMnG6OA0 , qkWYk32Zii4q2HsLxJJj80 , I5hBW0IAX747i_eqmoNL-0 , nRKXbVU2AW4NuQrIo-GCB8 , Fy50pRTSI34w6jVDkZfrx7 , pPfj0T_Taj4o2yJcZxqOK4",MECO 2700438000
10374MCCTAG2,"NAMETAG,MOTOR CONTROL PANEL,00.063""THK,
2-PLY MATTE,PHENOLIC TYPE,WHITE BACKGROUND,
BLACK LETTERING,WITH ADHESIVE FOR PERMANENT ATTACHMENT
TEXT PER DWG # 10374MCCTAG2",$0.00 ,,10374MCCTAG2,,,,,,,bP2mQCZ1so4OIIeKqlfoN0,"FEmK_xKY3G4uAfpQd49oA2 , QkPSu-zWnu42idhH857uk0",MECO 10374MCCTAG2
Label EDI DISPLAY,"NAMETAG,01.000"" X 02.500"",2 PLY,00.062""THK,
WHITE WITH BLACK CORE,BEVEL EDGE

TAG TO READ:  ""EDI DISPLAY""

SCOT-GRAV OR EQUAL",$9.00 ,,3102679000,,,,,,,"9_b42XlqDw4cYFH_6nhpq2 , Mvzi1E5Lj44Q6Rh2MTPWWb , 3iVoK5Kr2Q48QcxJa0pIg6","X-U5B_GNJn4RmSyK6_OxR2 , x2BoZDuwgW4euIkcjEgpTf",MECO 3102679000
16AWG TYPE TFFN (,"WIRE,#16AWG,BLUE                                            
TYPE TFFN (#16AWG BLUE)",$0.10 ,,2808383000,,,,,,,"2O41swSwzC4qe-fKjcaDQ3 , nZ0yzW6R9x4wEVPg_EcWE3 , _sinajwWFn4M2RGukA3OP7 , a61QkIPuWt4EefmtWXil9c , gfL7PCr7xT4ZeDHYPugP80 , 27VDzGTUqQ4yQUffsqold6 , _k0BnpDVyS4iYpW75mprIc , oh1AUIJJ1q4jyORTCBouWe , QYx0h4x3wS4tAi5K-MMwm6 , UCPwbYARae4vidTYC665Hc , E7VMTAzmDN4a2S3M_Ve3I5","wPHyW6ynjS4-6WniaDfdM6 , MJ_H4UsvMQ4Xu1puuWNbQ0 , VDMW3KSV5d4uekAy8YvuPa , b1GGoAFoTT4fIkErI63_4a , uUR8Y2zg6y4XulQl4_NyU9 , f85jxtUJck4wy-mLjy6E0d , GtQ4T0_khP4vYoes-axoV8 , V5jCAgbO4s4n6fIbLF_xLd , CFvUAuSus84YifiQJxiuGb , g4YT4n5uJ44pevr9FXH5-5 , sFpvUPqx_h44yowEyrUaP7 , 1JCdBZ7AFc42QMJC_QLjp3",MECO 2808383000
3102684001,"NAMETAG,01.000"" X 02.500"",2PLY,00.062""THK,
WHITE WITH BLACK CORE,BEVEL EDGE

TAG TO READ: ""OPERATOR INTERFACE TERMINAL""

SCOT-GRAV OR EQUAL
REF DWG # 3102684001",$9.00 ,,3100474000,,,,,,,"X257TPVfEy4mMWymv9orVa , Q_5LiFeSox4sicJHOrABa1 , F5XYMrJn6H4nIich6addUa , 072JKqgCdb4RUyUnBrsiH5 , koAHI_MtVf4birW6x24cb3","lKqv2FHBPp4pQfXj-xdHn8 , 9dbDoWhJNf4c618v7oGIj5 , lQ6iQ3ZNDd4C2OTXo3gTY0 , pi2W1Y76le4SmIRwCMq_G9 , bko0r8r-fX4UQyeYGGcI-f , kuj8MlvZfc4-Qf32Uncp85",MECO 3100474000
4AWG,"WIRE,#4AWG,BROWN
TYPE THHN",$1.40 ,,2850536000,,,,,,,"ObmfBb5U0a4ZY_29STvZ57 , 5oUH6gh3OE4gm8RHBDlsM0 , gtELvweK0S4Cybjj4oOYn8","GaEuhBu3n14tqEW58iVDP8 , j4So9Liiry4r6OzOhvR6M2",MECO 2850536000
Label CAUTION RISK OF ELECTRIC SHOCK,"NAMETAG,03.500"" X 06.000"" X 00.063""THK,3-PLY MATTE, PHENOLIC TYPE,YELLOW BACKGROUND,BLACK LETTERING, WITH ADHESIVE FOR PERMANENT ATTACHMENT TAG TO READ:                           *CAUTION*                    *RISK OF ELECTRIC SHOCK*          THIS EQUIPMENT IS POWERED FROM MULTIPLE SOURCES.          MORE THAN ONE DISCONNECT SWITCH MAY BE REQUIRED          TO DE-ENERGIZE THE EQUIPMENT BEFORE SERVICING.          SEPARATE CONTROL POWER DISCONNECT IS LOCATED          INSIDE THE PANEL",$18.00 ,,3102087000,,,,,,,"7RMtQuaee_4JAs8GPT11q4 , lCGltICM_04l6iRxM-VsUb , TmD9JQkueX452hgxtx-nPd , e0-KCOgg9m4HiSvMVyysic","4sRn-W4ZWC4w27YPJ7kKU8 , uZkvVYuOok47yjUJWvsoQ9 , htrau4fAhd4kAnku6S7Hg9 , XjGJ5-xiV845EjD_fzkhfc , 6pifJwrO4r4zAdrHh-N2xe , fh867abStT4cQkc2xcJ2V7",MECO 3102087000
,"KIT,LARGE,PLEXIGLASS,FINGER SAFE,
5/16TH ALL THREAD ROD,HARDWARE INCUDED
4'X8' SHEET OF PLEXIGLASS INCLUDED",$325.00 ,,2854407000,,,,,,,ff9wU_V0Mw4YE1dP9DD6K9,"y3qzhmQRPy4gAJW9nKHo20 , 2u4bqMPckp4GiN2pWVtff8",MECO 2854407000
10 BOLT SIZE,"WASHER,LOCK,#10 BOLT SIZE,SPLIT,304SST",$0.50 ,,3502588000,,,,,,,"v9-zbiJWad4fm8I3HxiOyb , GaewVKRst34kE-UMnRnxa1 , y_zGptgiXJ4PUWktaBRkv2 , 3GIuUWos6V4FM1cW3llG9e , JYmOVgjECn4gEIYXjDqgHe","phre_XGrfu46iEsSBUbJo5 , r0jFEL3mQ_4FylITC5wiG6 , GSv6mxOfe_4DYk04fflqF0 , kr0EnxjZPe4pIizg_FiYF8 , -1rY65SXYJ4CqcrzfoaBa4 , vZrnsUxjh_4luA6ZEQsMv8",MECO 3502588000
18AWG TYPE TFFN (,"WIRE,#18AWG,RED
TYPE TFFN (#18AWG RED)",$0.10 ,,2809848000,,,,,,,"2i231AkNIb4seOo9sRdAS4 , i3SFq07Qz34qMwcd8Oqhu0 , 7iewUVM6rs4kmQ7f9olltd , k6M-duzOZD4-Mj3mOD-D62 , M8WhPrwcDX4dYWmlsHgK62 , _rqpwNypKu4KAIFwmL02z0 , rIcM8HwF1m4k2dh9RwaQF9 , OeqXEFjFlE44QtKEqofc54","1FdDUwC6S84Zeh6EBNVNnc , Q0c8Hc-zEw4NYx-4mUiuo2 , q4copAM9iM47UJCy9TK570 , 5dET7oV-3D4bA1SIAvO6o7 , EWoNiyZR2h4R2UxnbL8wD9 , 4zR18Ie9B14AeoHtiphiA9 , 5Sgh3Kfa4T41E3h3_iPus0 , Z0BDqvjNVn47udj_Y8mG21",MECO 2809848000
18AWG TYPE TFFN (,"WIRE,#18AWG,BLACK
TYPE TFFN (#18AWG BLACK)",$0.10 ,,2809849000,,,,,,,"sF60ozpGzg4NAr9TOoLL4f , s5wU8SFM2v4dIquwQW33G9 , k3thCsCnok4LAtg41s2oR1 , OTe661E7Of4Tyx9FPNgIq7 , eAD5TalMpK4cMbyMB1l0uf , oHEq8l4i1O426ah9ht8Rr5 , L-Pj7Yhy024XmEqh-wCpGe , O3HJdalXF845YIC_-xed-b","8zMPTxgmzE4TignJ99z7qf , gD3Zj3e4IJ4jaURpEvULa9 , zU_S1TZaFF4pQcY9ydJqe5 , FBJyNJnR9C4TUdStYRPe05 , CV1rcmKwia4bYgiptq1gOe , x5OHL5HxzN4HikeethSdp2 , TJ4OqeiEhr4wE0gkOTHSva , 4uEtPf2GlR4MIPvIpnF4Z8",MECO 2809849000
3102684001,"NAMETAG,01.000"" X 02.500"",2 PLY,00.062""THK,
WHITE WITH BLACK CORE,BEVEL EDGE

TAG TO READ: RECEPTACLE FOR LAPTOP USE ONLY

SCOT-GRAV OR EQUAL
REF DWG # 3102684001",$9.00 ,,3102653000,,,,,,,"8H8aEMlDJf4eymUOHNsHJe , OehUv0aBsD4xmERDIwnOw5 , 00vXYhVEdf4aMFd6rsOyP1 , xOYxSuzio64yYdukesMyka , QIk_lQdpcd4NuIpbhCp-s4 , KUxRNE-w1p4qQS1tKqQ-B6","_NtBfIK16s4CMhYjJsJzYe , ehYNOS38ZA4h6N5ZdScGwf , G6JzqIWayA4Sivm_4m9FA2 , Bhf42hu01O4juI5NGy8fc0 , 1Mz8uRIi9N4iAjkz061Cjc , K_HKwbEq_m47Ub163a9kxb",MECO 3102653000
16AWG TYPE TFFN (,"WIRE,#16AWG,BLUE/WHITE
TYPE TFFN (#16AWG BLUE/WHITE)",$0.10 ,,2809855000,,,,,,,"SUCnq9zHj54q2RjHveSAe5 , W9jbEHOWij4z2DEsNcbZh0 , u9hwmSLaFA4CQN4TwD_51e , BMt6HSIXHK44iH9diWnbnf , CU4nPFOmK-41iH1YxIo_U4 , 2Ycdnjcdtt4-UCjFUlV4nd , MCly9UC8_l45qn6E6fwhae , ObQfqyP6Yy4rydrBDjbJc1 , 5M4SGmGF5h4KaRUgLFaTEa , F7RBo-HKuB46EbfOPXlJ34 , WABXtl7gTd4eYLuu0cSlb9","vlTlkMuDNs4sULLl0_I2z4 , XUFLOrgJNs47q8ZaMbEAc1 , VUZad_ejbn4kEUEqDVuzF5 , spau3oxf5b4-Uvxi_uTGtc , iE3pp4d-5Q4ZErMBKzH5cd , bRbiYuTkh_4GMT-TlIik3b , -lcgzeu7LU4IiGAQzDZZw5 , 0r2abXjmmJ4hi63busbaw9 , sXz3yG_xdP4e2Oc3yzscr6 , RrfMCVARWM4kqBaMR5FDP5 , HkoLVXIW38406tyLEgiDn1 , JOTg0NLpe54v6dArcFRRje",MECO 2809855000
TAG TO READ: ALARM HORN,"NAMETAG,01.000"" X 02.500"",2PLY,00.062""THK, WHITE WITH BLACK CORE,BEVEL EDGE TAG TO READ: ALARM HORN SCOT-GRAV OR EQUAL REF DWG # 3102684001",$9.00 ,,3101015000,,,,,,,"jJE8BUj0KQ4zAxDAK2qxr6 , 1yZeVhQrzZ4wUfOUcrLDM0 , 489mO-85OE4buEUJm1cGd8 , hEjXc1oatq4V6OBppJtxp3 , wpHj3HJe8Y4S20Uep0vSpc","IDFwtpOc-S43QNW0z1atJ8 , OgExqK3YV-4c68i3cq0498 , vmrIWtsK3n4JUL0RZd-IM0 , pFOVBvl6_I4IemVKRkqp27 , 6Q7hZSd97N43YZtQh_hPKb , SKund4ZbDr4KqIqhJ79kj9",MECO 3101015000
,"FUSE,6 AMPS,600VOLTS
COOPER BUSSMANN (CC-TRON) FNQ-R 6",$26.65 ,,2807755000,,,,,,,"piquEMPwDd4ZylcWd-ex-f , Cx13C_smfB4rQxxAVBk5T3 , HKp88I29Pc43UD-fuy3Fbe","TOWEflcvGC4YUK8tfkj939 , FzODAD3tfY4vYYJsDU_3-2",MECO 2807755000
12AWG TYPE THHN (,"WIRE,#12AWG,BROWN,STRANDED
TYPE THHN (#12AWG BROWN)",$0.40 ,,2808567000,,,,,,,"AGT7Z0vJqB4VqP6uPNvHn9 , KhYgMUcqT44e29d_u_kH2f , dkUBY9vOXF4_aahRrixSbb , Xo_LBay_TN41i8ZGKEGQM0","_xGEW__GJm42uwt0jzmkQ2 , U4VfMDWdCl43UyjhbY7Vt6 , QgUkn8xa3048iJn5mi-v25",MECO 2808567000
12AWG TYPE THHN (,"WIRE,#12AWG,ORANGE,STRANDED
TYPE THHN (#12AWG ORANGE)",$0.40 ,,2808568000,,,,,,,"ykqgcXYDg84m2LMR2POI5b , 3AZ2BYbHVQ4_IuoQBm1-vc , ms3OGSB2G04IIAGL4efzQ4 , uybi7kcApK4wu54ikZxoxd","kgtpFG-0cC4eijzQo4d9v7 , ziIuFRAT6Y4VehXwiiBlbd , Ss6DMPKrU44fEC9doYOlc6",MECO 2808568000
4AWG,"WIRE,#4AWG,ORANGE
TYPE THHN",$1.40 ,,2850537000,,,,,,,"5LoPFbPMpw4Xm7uWJ1uNFa , fTMhzzDRVw4lekpmO_r6q7 , VbQM238kb64fMYDC3DJoZ0",#NAME?,MECO 2850537000
4AWG,"WIRE,#4AWG,YELLOW
TYPE THHN",$1.40 ,,2850538000,,,,,,,"cgvhTqxfyD42yoE3v5HT2c , 1Goay2-z0x4gUuRClDxreb , oBgptFdFp74LyYCJAbfh1e","HIC_1FU_Oa486jiGTJ9V91 , svnIlS_ofB48Yr6y7Urjt2",MECO 2850538000
"VALVE,BALL,00.250""FPT,316SST BODY,316SST BALL & STEM, REINFORCED TFE SEATS,WITH LOCKING HANDLE APOLLO","VALVE,BALL,00.250""FPT,316SST BODY,316SST BALL & STEM, REINFORCED TFE SEATS,WITH LOCKING HANDLE APOLLO #76-101-27A",$108.67 ,,2608872000,Apollo,,,,,,"8ATVne9gfH4Eub3KmowH_4 , SA_JRkTZR64Cukz1yaQsd6 , Wy4f--dxbt4Nq0RCvjbH54 , bkqDqZmEn84lM-xbZUel8f","U_OwslYN8y4F6mZIkAyR63 , 2xBd4xPEw84dubblhXrEjb , YxJJ8Aeun84q2YAvvX7td2 , wx-cfLbgzO4Jio6yetfj09 , hZK9xRa5rf4yqOIEzRqF0b","Apollo VALVE,BALL,00.250""FPT,316SST BODY,316SST BALL & STEM, REINFORCED TFE SEATS,WITH LOCKING HANDLE APOLLO"
76-101-01A,"VALVE,BALL,00.250""FPT",,"VALVE,BALL,00.250""FPT,316SST BODY,316SST BALL & STEM,
REINFORCED TFE SEATS,WITH MANUAL LEVER OPERATOR
APOLLO #76-101-01A",2606032000,Apollo,,,,,,0QuBAOAlVg4Dqty-osEf6d,#NAME?,Apollo 76-101-01A
QA0405MK0VA04000,"ETHERNET CABLE,FOR G3 MAIN SOLENOID MANFOLDS,5 METER
LENGTH,M12 STRAIGHT CONNECTION,4 PIN MALE D-CODED
TO MALE RJ45 ETHERNET,SHIELDED

ASCO NUMATICS #QA0405MK0VA04000",$68.37 ,,2852163000,ASCO Numatics,,,,,,"JXH0TdXKXN4aIHoiJkDTN1 , f1bPvKlUBc4ryrStxtEik9","yya26vvu674Lyz8mI-nPkf , soJS3ORHsu4BMCriOTrcg5",ASCO Numatics QA0405MK0VA04000
QA0410MK0VA04000,"ETHERNET CABLE,503 MANIFO",,"ETHERNET CABLE,FOR 503 MAIN SOLENOID MANFOLDS,10 METER
LENGTH,M12 STRAIGHT CONNECTION,4 PIN MALE D-CODED
TO MALE RJ45 ETHERNET,SHIELDED

ASCO NUMATICS #QA0410MK0VA04000",2852377000,ASCO Numatics,,,,,,PS7Lo9R9944MUpev6aofia,Pr_pDsP1k044Mb9w-B1se8,ASCO Numatics QA0410MK0VA04000
251009AW02BXC4UC10BR/,"GAUGE,PRESSURE,02.500""DIAL(63MM),DUAL RNG 0-10BAR/0-140PSI
WITH 00.250""NPT LOWER BACK CONNECTION,
SST TUBE TYPE AW,BRONZE SOCKET,U CLAMP MOUNT

NOTE TO VENDOR: TO PROVIDE CALIBRATION CERTIFICATE

ASHCROFT #  251009AW02BXC4UC10BR/#
                        (OLD #25-1009-AW-02B-XC4UC 0-10BAR/0-140PSI)",$183.00 ,,2204593000,Ashcroft,,,,,,"pZEfFPoSBw446umb3ChR2f , 8o9PVcLRge4FQoIJwdABE0 , PGI8k4VyYa4YYq6YSlua85 , kxzAC3HI2n4gAu08Z0arG7 , yxVb7lpIt847ISdCHBFtt3","ctZOZCKhQN4cArJqFFfVqa , ICb--MFjE84fIucJLYRtP4 , 9J7qHyPIHp4VudeYXHHDJ9 , UViCaSUkoB4k69SDSsYHw5 , xdiCVpfeyb4WukZR4VhI2e , 7tVBRx7m1S4vapAFk4B3se",Ashcroft 251009AW02BXC4UC10BR/
B420BXC4FS100,"SWITCH,PRESSURE,RNG 0-100PSIG,SPDT,SET @ 75PSIG DECREASING
00.250""FPT CONNECTION

NOTE TO VENDOR:  CALIBRATION SHEET REQUIRED

ASHCROFT # B420BXC4FS100#  @ 75PSIG DECREASING

                                     (OLD #B420B100 XC4FS @ 75PSIG)",$334.14 ,,2801921001,Ashcroft,,,,MH8449,MFHX,"9cuGK2Ea_Q4dQfG1ckaoJe , 6Z5duRzK104IuZ91RzTRG9 , QG0O8U4B2V42eHBKtx6IV2","yDkmOvP8lW4fEyPSgS_U02 , biOdQZOYqz46urcoEOmJ4b , zdhQJrDnSB4Huw5Tqy6FAe , yjyPPKMxsP4Hex8szmSX64",Ashcroft B420BXC4FS100
18AWG BELDEN,"CABLE,5 CONDUCTOR,#18AWG,PVC OUTER JACKET,CMG,300V,PVC INSULATION,
BELDEN #8465",$3.16 ,,2854091000,Belden,,,,,,"9WS_pZjkNN4DaB9Fkab8B1 , Om2b1bHLfu4kM01fqPWQj9 , 0BEb7oCnbj43abF-_-yuy9 , jsP-MZiteV4-Q9Z28YtyY4","uoXY4odzbr4NurlGWNLLka , sVTLxikVSw4QInW3alz1Ed , LgOEHUqDl24ha5HUdi97zd , Psh3t-k6AW4MaoquW9XtEd",Belden 18AWG BELDEN
18AWG BELDEN,"CABLE,#18AWG,1 PAIR SHIELDED,PVC/PVC,
300V,COLOR CODED BLACK & RED,0.233OD
BELDEN #9318",$2.40 ,,2850740000,Belden,,,,,,"xb2zrOzihT4EUf6mU5zNp5 , 8iYWmE44Ag4dEE0aJEuq-2 , l65jZRUrfl4NeXxzDe7JSd , IWNEw9ALJ24vEio_pPqNuc , UF8bqN8qY24Kyh_x9_Si55 , DfHXukn0Ze4K2Ql2HOxbr1 , fA5PpHd9d_46MuKeQjcOAd , YimLzNV7zg42E39nZ3REg5","24HxVL1EPt4xqhxQbumBz0 , uNGYj-s0II4JiLBxnnKntc , 2BKWZ4btO146eU1pWVRTia , iLjetwkKOg4VMUA2R3Hise , IEqSUuW9Bg4426yig1wlJ8 , vfzoIAwmj24H6yeHLuzNi3 , FlguQQQNpP4bmx6GcLSZw8 , UOXZCUkkYJ4_YtbfJai7W5",Belden 18AWG BELDEN
AFB24-SR,,,,,BELIMO,,,,E108966,XAPX,hbcmDLJQHT4iQJr4rSZaee,,BELIMO AFB24-SR
EMERGENCY STOP nametag,"NAMETAG,CIRCULAR,03.500""DIA,YELLOW WITH BLACK LETTERING, EMERGENCY STOP BRADY #THTEP-197-593YL NOTE TO MECO:  1 PACK = 25 EACH",$65.00 ,,3102512000,Brady,,,,,,"nUV2nxut1-4V6NLc5qB1-a , hw68DOImHT49mBeZHIraO2 , 6pOD8LtYBl4KaT7Bla1sCb , MHZfdYG0mg4hI3FlT-pkK9 , e5ES9xI2674OQ_wNnQK2M9","oj7Qw3wgxv4cqtZ2Nxs119 , NkPnA60jIk4qmbOIful3-c , q0dFUk15xX4caFRCfKvOf9 , bEp6dAwtL94F65jmDa3j6f , 5HcvVPHl4-4lU24gFQTrF1 , W5DKtTB2Kj4SUe1KrPLhr9",Brady EMERGENCY STOP nametag
VPCI-105 (MUST BE PURCHASED IN CARTON OF 20),"PACKING,EMITTER,PLASTIC,WITH BREATHABLE MEMBRANE,
02.300""DIA X 00.750""H 
CORTEC CORP #VPCI-105 (MUST BE PURCHASED IN CARTON OF 20)",$7.00 ,,2202322000,CORTEC Corp,,,,,,"GuqpyEYv-n49i1qfIzD990 , A3HG5fagvz4v6qFQOLajc5 , xeDjgasMM_4qQ9ZUZgzmY2 , 95jMChfAkS47qWVB6wqV74 , PsZ8MrWc0_48EUW1ib1mh4 , QEVJaJO7JS47MmpvT5_iO0 , Fotd3zu_9s4eu2QhDaTmL8 , qkcFGKu6wZ42efrLqSplh3 , rwAs7-4oeh4CuZZ4ycXzV4 , TogTVc5dlN4DYlAyI0CS12 , _My4i_7Y8x4qYXAgagbDW9","p5sC7nATn04Dqo4g3SXSae , Br7tQVQESf4aERMP6A9mz7 , qVcrjOXzG_46m3TfidnTlc , dfI1sczHeD4vMvSI7L-OI1 , u1KTagqGiN4Pe9xhYoLhf8 , wjuLWMawFy4WYK_P7IByr2 , tmpfTuqhaw4_m_D1Tt3VX3 , Kd_Ot1Ly3c4E2lVKjT1TT3 , hhTU8F3aEm4CY9Whp2JLla , DInrBQkJyw4E2vx6yEBt_6 , nSj8iLa3lG4bQHcPtb19H2 , LTfdjxuKfr4Sy1wl0ELVOc",CORTEC Corp VPCI-105 (MUST BE PURCHASED IN CARTON OF 20)
"CIRCUIT BREAKER,25 AMPS EGH3025FFG","CIRCUIT BREAKER,25 AMPS,600 VOLTS MAX,3 POLE, IC 70KA @ 415V & 65KA @ 480V,40C AMBIENT,MEETS IEC & NEMA REQUIREMENTS CUTLER-HAMMER #EGH3025FFG","$1,383.41 ",,2852996000,Cutler-Hammer,,,,E7819,DKYS2,"XP9QRp4yVB4OiPUO77zdS5 , VS2T0IbYJ-4fqYO8VeEFQ8 , ZZl8O1D0mx4c2PFPZ1KLz2 , 0k5f_7Za2T49aMazwYIPM1","nrzGX6WKDu4I6V2bGd2832 , ap8n4flj9c48mKlmXoij04 , pJKV-TGbui4ZAmCaMZhb5b","Cutler-Hammer CIRCUIT BREAKER,25 AMPS EGH3025FFG"
EGH1015FFG,"CIRCUIT BREAKER,15AMPS,1 POLE,415V/480V,IC 65KA,
240V,IC,100KA,40C AMBIENT,MEET IEC REQUIREMENTS
CUTLER-HAMMER #EGH1015FFG",$442.48 ,,2852597000,Cutler-Hammer,,,,E7819,DKYS2,4VcV9_odKt4EQXD5Sy5-A7,"PMHQR_oG1U4vu6Ev2b-sv6 , RpKje6aupH4_y1CTu_vMe1",Cutler-Hammer EGH1015FFG
EGH3125FFG,"CIRCUIT BREAKER,125AMPS,415/480V,3 POLE,IC 65KA,
40C AMBIENT,MEET IEC REQUIREMENTS
CUTLER-HAMMER #EGH3125FFG","$2,095.32 ",,2854059000,Cutler-Hammer,,,,E7819,DKYS2,"My43FTw66u4MIiEI14eXz5 , bZFc3JEnF-4xucX-eWh3Gd , c8udJEaf4H4pmSMCvOnn14","_eu0_NI_pg4Lu2uK1jFUzb , 0bQxjCO3394MQ3GtSX2XSd",Cutler-Hammer EGH3125FFG
EGH1020FFG,"CIRCUIT BREAKER,20AMPS,1 POLE,415V/480V,IC 65KA,
240V,IC,100KA,40C AMBIENT,MEET IEC REQUIREMENTS
CUTLER-HAMMER #EGH1020FFG",$342.49 ,,2854603000,Cutler-Hammer,,,,E7819,DKYS2,#NAME?,"MOJfebFK_-4WePxi73mFK9 , NxEgxUWu-h4FIXuz-SQMN3",Cutler-Hammer EGH1020FFG
EGH3080FFG,"CIRCUIT BREAKER,80AMPS,415/480V,3 POLE,IC 65KA,
40C AMBIENT,MEET IEC REQUIREMENTS
CUTLER-HAMMER #EGH3080FFG",$854.13 ,,2854207000,Cutler-Hammer,,,,E7819,DKYS2,6oxBD5FsgT4rQQY-2a0PY5,"8k02ClNI1g4ZUYH6QXMJR2 , 32Il9aXzwc4Ku4bNZWkAf8",Cutler-Hammer EGH3080FFG
"EHMVD12R HANDLE, DISCONNECT, MECHANISM","HANDLE,DISCONNECT,MECHANISM,FOR EG-FRAME CIRCUIT BREAKER, INCLUDES RED HANDLE,MECHANISM,12.000""SHAFT & MOUNTING HARDWARE,MEETS IEC REQUIREMENTS CUTLER-HAMMER #EHMVD12R",$188.56 ,,2851418000,Cutler-Hammer,,,,DKYS2,E7819,"cjK-8rs7ah4WQa4jX-gaT6 , ojO11WJluw4aQJRkdGWvOe , PtoA1622ZT4PQN4s6gWdjc , DxIrhX6UH04QESdQauY-hd , X1tMxCAtyU4YANnuDQPN6d , tnpY4TGVPC422ggcx6zU53","9O8uxqYmUo422LrGFbT-d4 , vcc7Y0o54U4OAQFDUiHfHf , -CpuuLUw1d4wY0Ti6RQ8Q5 , uYKLy6pYWN4PmHuhV8JJR1 , 2j-Cuf3N9F4mEggcY2ZK79 , YJmdnh5ldk4rusRab20kgb","Cutler-Hammer EHMVD12R HANDLE, DISCONNECT, MECHANISM"
EGH3015FFG,"CKT BRKR,15A,415V,3 POLE",,"CIRCUIT BREAKER,15AMPS,415V/480V,3 POLE,IC 65KA,
40C AMBIENT,MEET IEC REQUIREMENTS
CUTLER-HAMMER #EGH3015FFG",2852533000,Cutler-Hammer,,,,,,18gGDf-B0342AOGcyfdZZ2,R5e6s6x-w7496bHZ-4b__f,Cutler-Hammer EGH3015FFG
MS-121-LCD,,,,,DWYER,,,,,,MXihiLpCXT4u2C84hpEBd1,,DWYER MS-121-LCD
FAZ-B10-1-NA-SP,,,,,Eaton,,0,,E525456,QVNU2,"nlrk1hhfIp4DMFnae7jJk3 , 2QsyVCbylm4bIE8b_LZ7Fc , EhzzVHMwzz4qaxenM4CX33 , H2iERjw6fy4rmupRiXKe0f , qMv3zTIWA24-uGIWOsm_S0 , xlyx5EwgMN4UqfK-zfZbX0 , f8iM84X9EZ4tEnHETyW6p0",,Eaton FAZ-B10-1-NA-SP
"EGB1015FFG CIRCUIT BREAKER,15AMPS","CKT BRKR,15A,415V,1 POLE",,"CIRCUIT BREAKER,15AMPS,1 POLE,415V/480V,IC 18KA,
240V,IC,25KA,40C AMBIENT,MEET IEC REQUIREMENTS
EATON #EGB1015FFG",2852279000,Eaton,,,,,,t3VdLE7eW44a6KLkvOoQw3,IX97LOd-Y-4RUcXDAUEr3a,"Eaton EGB1015FFG CIRCUIT BREAKER,15AMPS"
WB-052 OR EQUAL REF DWG,"NAMETAG,CIRCULAR,01.187""DIA,WHITE ON BLACK LETTERING
TAG TO READ: ""ALARM SILENCE""
ED SMITH #WB-052 OR EQUAL
REF DWG # 3102682003",$9.00 ,,3100728000,Ed Smith,,,,,,"XepBLyW7954N6G5QYUQAX6 , N2yJbsQ6DK4JMlwr-QBrR9","sJwKc2rXbD4l6_IXHVGT44 , elGVA6dehD4Z6j6lcJfuSa",Ed Smith WB-052 OR EQUAL REF DWG
T40B45-12,"METER,HOUR,RNG 0-99999.9HRS,10-80VDC,NEMA 4X RATED  WITH NEMA GASKET AND MOUNTING HARDWARE (ENM#B20017) ENM #T40B45-12",$67.00 ,,2809782000,ENM,,,,E52291,XHNR2,"eglyCOdyKo4HMELMdiEVI1 , JWXT4kl9JE4g2FP4LEqOF1 , PTZvT2fvIR4kIAY0kOX126 , atx7r-fmCd4-ykIin2DNf2","G8p1G35Utd4gikp5r7I0i0 , KKNecUdeMR4AMCmwLbXUF3 , Iyq0CE2EDX4NUef6An86xa , 2nW2NrB07C4buiHxoun0y6 , a3vI_S77sQ4MM9JmuYppf6",ENM T40B45-12
0199 168.00,,,,,ENTRELEC,,,,,,AcC2pg7tJK42Ub2Dv-0Lue,,ENTRELEC 0199 168.00
0199 166.26,,,,,ENTRELEC,,,,,,kyib7JWQEV4Yit09Fjwvn3,,ENTRELEC 0199 166.26
23326045 50E- F36GCQS-D+U  32P-SND-R-MAAQXQX-4KXXLLQAQA 5PC,"MANIFOLD,VALVE,SOLENOID",,"MANIFOLD,VALVE, SOLENOID,MPA-S WITH CPX TERMINAL
ETHERNET I/P COMMUNICATION NODE
(4)TOTAL STATIONS WITH (4) 2X 3/2 NORMALLY CLOSED SOLENOIDS
AND (2) I/P TRANSDUCER,ETHERNET COMM
24VDC,SLIDE MANUAL OVERRIDE,WALL MOUNTED,0.250"" OD
WORKING PORTS,1/"" PUSH-PULL FITTING SUPPLY PORTS.

FESTO #23326045 50E- F36GCQS-D+U  32P-SND-R-MAAQXQX-4KXXLLQAQA
5PC #192809 QS-1/4-1/4-I-U-M",2610110000,Festo,,,,,,XbCRhdZXDO4Fa7bcL2Fx23,PR-R-0FgAo4pikPIYfY8me,Festo 23326045 50E- F36GCQS-D+U  32P-SND-R-MAAQXQX-4KXXLLQAQA 5PC
GR-QB-1/4-U 534682 OR PISCO,"VALVE,FLOW CONTROL,ONE-WAY,""SNUBBER"", 00.250""OD X 00.250""OD,
PUSH-PULL FITTING
FESTO #GR-QB-1/4-U 534682 OR
PISCO #JSU 1/4
(OLD #192754 GR-QS-1/4)",$26.33 ,,2607508000,Festo,,,,,,"cUFn58wA3t49ErCOvOXmO8 , Z2TQo7rmfa4lMAI8qJDEHd","JCoIhiID2S4l6ncTdGqHL4 , XmG5LTTIeG43M2FKnJl_H3",Festo GR-QB-1/4-U 534682 OR PISCO
"CAP,COVER,M12 FESTO# 165592","CAP,COVER,M12 (SOLD IN PACKS OF 10) FESTO# 165592",$9.36 ,,2609569001,Festo,,,,E239998,NRAQ2,"WHGpWUjuTI4Z29rrEmuWJb , xsK9TCjIM74RyAG5u1sA38 , KnXdTAfHVe4Na23Hy9FNf0","nr08CMjCM04oUJ2EwgzZdc , ImZo3zpo794_EzMvXF_9f7 , DGEEjeonHf4gaZbw3A47Md","Festo CAP,COVER,M12 FESTO# 165592"
"CONNECTOR,BULKHEAD,FEMALE,00.250""OD TUBE X 00.250""OD","CONNECTOR,BULKHEAD,FEMALE,00.250""OD TUBE X 00.250""OD,
PUSH-PULL FITTING,NICKEL PLATED BRASS,
FESTO # 564750 QBS-1/4T-U",$5.42 ,,2554006000,Festo,,,,,,"g0ztOMUXF_45mcUI2dR_Z0 , GwuvVY-Ejf4fqsyr69-_Q1 , uCPrXtGpD_47icl10NpX5f","NQ3x1jzW6r4gEA5HcxJWCa , 3ij_xKY2td49ITA7lqi7I8 , -y0mqvjNNP412XcwIGSim0","Festo CONNECTOR,BULKHEAD,FEMALE,00.250""OD TUBE X 00.250""OD"
"CONNECTOR,STRAIGHT,R1/4 METRIC THREAD, 00.250""OD TUBE","CONNECTOR,STRAIGHT,R1/4 METRIC THREAD, 00.250""OD TUBE,PUSH-PULL FITTING FESTO #192809,TYPE QS-1/4-1/4-I-U-M",$2.74 ,,2557814000,Festo,,,,E239998,NRAQ2,"prFAhhqheg4R2W4e4oo8t5 , pz3ijLeANf4jID5R8Dp4u9 , BYa4lIXhtj4fMXsM-b8eM7 , XEjiUNWmni42iiWrVEgIH4","HcmHTuGIq_4Yq5OXeYHmnc , JANAWoC-VO4laTmFEzK8be , iStC6ikVHn4SYnRFOmssn3 , whGpUJaHcK4eUWm3kBBoT8","Festo CONNECTOR,STRAIGHT,R1/4 METRIC THREAD, 00.250""OD TUBE"
FESTO # 530411 50E-F36GCQS-D+U  32P-SND-R-MAQX-3KXQA,"MANIFOLD,VALVE, SOLENOID,MPA-S WITH CPX TERMINAL ETHERNET I/P COMMUNICATION NODE (2)TOTAL STATIONS WITH (3) 2X 3/2 NORMALLY CLOSED SOLENOIDS AND (1) I/P TRANSDUCER,ETHERNET COMM 24VDC,SLIDE MANUAL OVERRIDE,WALL MOUNTED,0.250"" OD WORKING PORTS,1/"" PUSH-PULL FITTING SUPPLY PORTS.      FESTO # 530411 50E-F36GCQS-D+U  32P-SND-R-MAQX-3KXQA 5PC #192809 QS-1/4-1/4-I-U-M",,,2610341000,Festo,,,,,,17DPClmnIdExOej9RM4xqb,,Festo FESTO # 530411 50E-F36GCQS-D+U  32P-SND-R-MAQX-3KXQA
ELBOW 564659 TYPE QBLF-1/4-1/4-U,"ELBOW,90,00.250""FPT X 00.250""OD PUSH-PULL FITTING, TEFLON COATED BRASS/BLACK POLYMER FESTO #564659 TYPE QBLF-1/4-1/4-U",$5.29 ,,2554466000,Festo,,,,,,"EsXWvaMsfY45m_VY-kGdH4 , xIHQp9Rax54QEg0UE3VAf3 , U33vJznJSH43AcBs3WhPy6 , J1AYVJuUNf4pMIP5XnIps4","BSLFHAUdas49A49YLUu4nc , tAajfYNpQV4Q6Li_DMwDE6 , Oz3QADyFT64XEHSnfLO6f3 , 0KYyJoMQHd4YAWpRdD9Mv5 , -mQaCIZNEe4-ELr1GM1Ml8",Festo ELBOW 564659 TYPE QBLF-1/4-1/4-U
"CONNECTOR,TEE,00.250""OD TUBE X 00.250""OD TUBE X 00.250""OD TUBE","CONNECTOR,TEE,00.250""OD TUBE X 00.250""OD TUBE X 00.250""OD TUBE,PUSH-PULL FITTING,BLACK POLYMER FESTO #564768 TYPE QBT-1/4T-U",$4.83 ,,2554117000,Festo,,,,,,"dSsACq8IN943e1wBzwJJ15 , 7zqeR2eYBY4M2HpMVTtQH0 , dxUJtu9Cr140aatRuzXcJ3 , UlxIvLsCGt46qAE7S0cXg8","5yFWeoQMtb41I7TgahrnS3 , lUhOzxav1M4cyJbez9F0Pf , nmFJjW8jrr4AyahNoXis1f , -Nc7QvYdE-4dEWQeDXc1p3 , aoqwaL9kfj4NMGXzQDzy2d","Festo CONNECTOR,TEE,00.250""OD TUBE X 00.250""OD TUBE X 00.250""OD TUBE"
"PLUG,POWER,PLUG SOCKET,M18,ANGLED,4-PIN,16AWG","PLUG,POWER,PLUG SOCKET,M18,ANGLED,4-PIN,16AWG (1.5MM2) FESTO #18527 NTSD-WD-9",$36.01 ,,2852975000,Festo,,,,E239998,NRAQ2,"q_bjMSREyE4ai5TUg-chq0 , nwDgpvkQuw40YIaP4WyK20 , QP3L1rVE9Q4Y2PJCOHO_le , fre1IC2s4C4yMX3kG7MHZd","SS8qeXWgVu4MYdVA-rkMH3 , rzcmZVVYKP4OMddqvO2fO8 , Zz_f2PT6pl4MiJFlTpI80e , -rwTeJQ7iK4jQ1Sz0OvCL8","Festo PLUG,POWER,PLUG SOCKET,M18,ANGLED,4-PIN,16AWG"
67CFR-226/PM1 EMERSON PRODUCT,"VALVE,PRESSURE REDUCING,00.250""FPT,SPRING RANGE 0-125PSIG,
ALUMINUM BODY & SPRING CASE,WITH PANEL MOUNT OPTION,
(INCLUDES HANDWHEEL,MOUNTING NUT,00.250""NPT SPRING CASE VENT)
FISHER MODEL # 67CFR-226/PM1
EMERSON PRODUCT # 67CF-1663-38569",$120.00 ,,2606604000,Fisher,,,,,,"Fy9HJ3Qqe14TqT938B7R04 , s0yWEzZyGU4qqTGw5fHZMa , MSml1VVMoP4G6BLF-jIj6c , QvD8S2PlHM4yMa2UjxVix7 , Xj2h4OQlnU42ezjIyKCku9","8bejCyOvcG4AUNBFULUexb , n3XZqnvboR4ZiVXNhLdnLc , hYlV70R0Oi4QqIuIGb8U3e , Lu4nLWavo74o2fMP6beK5b , WDMvhMNRG041QkdQRtsFBb , fHXileIwD34Z6WLy6iHPVb",Fisher 67CFR-226/PM1 EMERSON PRODUCT
P-R2-K3RF3 enet rj45 dual port conn,"CONNECTOR,ETHERNET CAT 5 RJ45 PORT, AND DUAL 120VAC GFCI RECEPTACLE,NEMA 4 GRACEPORT #P-R2-K3RF3",$230.00 ,,2851143000,Graceport,,,,E207344,NITW2,"Quupu0kHSg4IIJUteTJrC3 , wvYl5Gh9hk4tyofjUw7HG5 , 2qZBUOc5mO4hMASpuNYUk6 , ONYWkW_ZGc4niNVrt1orO9 , Qub5Gb2qdy4W6sfbGOmHEe , UaH4eKSiL84QInnbUaLADc","1_oF3mNph64yYFPydUUMl7 , hqemdm3k9G4Gq0MFTM7C52 , LGaJ2urX1V4iQMD1dFwaC5 , v5LpJKB37Q4NaWMh79tU34 , -xJgC7OOJg4BMabn_YcIx1 , wFzRe-8Aj34eqVeTt5t42f",Graceport P-R2-K3RF3 enet rj45 dual port conn
IP-POWERDSP-TP (ORDER,"DISPLAY BOARD,EDI UNIT,G2,UP TO 16 POWER CONTROLLERS
IONPURE #IP-POWERDSP-TP (ORDER # W2T829935)
MAPLE SYSTEMS # HMI5043L",$0.00 ,,2852692000,IONPURE,,,,E196787,NRAQ7,"lQBA-bfl394tqqpsWppxhb , j58zAsh8cg4Fa4bRYHvfO0 , Cj21Fp-vFM4-q7OVoYiLUa","TjIuiZRvKx4ZmeF1x6n9pc , 3WTTpUN3iy4aqd7qixk15a",IONPURE IP-POWERDSP-TP (ORDER
IP-DC3PH600V-M1,"POWER SUPPLY,EDI UNIT,DC RECTIFIER,
380 - 480VAC (3-PHASE) INPUT, 0-600VDC 0-15A OUTPUT
IONPURE #IP-DC3PH600V-M1  (ORDER # W2T827150 )",$0.00 ,,2853141000,IONPURE,,,,E486520,NMTR,"BTqG_N9cZx49ILB2vZQAua , IbU-Ve2aoF4ji2e2JFht18 , XdKfpFK8aw4p6qh21ln787","SiV6-owYo14RM21UmaZq34 , JFh1pGotg54D6cIrmXpK_7",IONPURE IP-DC3PH600V-M1
"PLUG,PIPE,SKT HEAD,00.250""MPT,316SST,ASTM A403 MCMASTER-CARR","PLUG,PIPE,SKT HEAD,00.250""MPT,316SST,ASTM A403 MCMASTER-CARR # 4452K542 OR EQUAL",$1.70 ,,2509433000,McMaster-Carr,,,,,,"gV4Sloth7a4Y2LAe4qfbQc , zqLdAfsYKp4Rmy731mFJld , V7aT6mQy8I4c2ZpLy5UsCa , guiFeNX-X34MEQHxwKgogf , kfpUsRQCtu4Bu03QORBFp1","0GxXGYMvwu4Oy8JPY-C0o2 , 2QK-RRl9I14vQ3CLA285x9 , XrYlGMyIbf4PmUjrlMKfE4 , yU-3K6hQ7e4dMPFZUgq485 , Wb8rZy14wR46YgWuZrGQ98 , GI8mzhbpx54Ey5gpD2Imi3","McMaster-Carr PLUG,PIPE,SKT HEAD,00.250""MPT,316SST,ASTM A403 MCMASTER-CARR"
52500213,"KIT,PANEL MOUNT,CONDUCTIVITY MONITOR,FOR USE WITH M300, M800,
AND M800 SERIES METERS,INCLUDES SEAL, SCREWS, SPAN PIECES, AND
SLEEVES,
METTLER TOLEDO # 52500213",$106.00 ,,2205046001,Mettler Toledo,,,,,,"16n7RUAYou4YeTavEShZcc , Y6CcVPLqk94O67fXOd3Jmf , FOYp-OtYmJ4eiXgN8q4CL3","ERwau7TYWx4wiAP9SjF9K6 , dd3lkWrg854XUd_j1OkFTc , _zU1Pj65Kk4Mq8mgo-MR73 , fa3-D6kYO74vQXYJscwM_0",Mettler Toledo 52500213
828736,"TERMINAL MARKER,HORIZONTAL,FOR TERMINAL BLOCK UT 4-PE/L/HESILED 24,
THREE STRIPS OF NUMBERS,21F TO 40F,21P TO 40P,21G TO 40G,

PHOENIX CONTACT #0828736",$6.54 ,,2854169001,Phoenix Contact,,,,,,"r2q8OZTKqu4X2Z1Lr4n6l7 , voyR2cNBXO4eakFqEUFMPf , W-SkAGxaH44FaGVCHgpRN2","o7yNcS7hLm4zUfAZposZ2b , bw3JyOOijp4Pyv4PdgzvW4 , 17BtNAjDI24Wml32Ohq7_d , iXJaXgdOQY4_MTTUY_fM43",Phoenix Contact 0828736
"RELAY,CONTROL,SPDT,24VDC COIL","RELAY,CONTROL,SPDT,24VDC COIL,6AMP CONTACT RATING, DIN RAIL MOUNT, PLC-BSC-24DC/21 TERMINAL BLOCK #2966016 & RELAY #2961105 PHOENIX ORDER #2966171",$11.40 ,,2809686000,Phoenix Contact,,,,E172140,NRNT2,"f8BS_jcOX14aUvC-cr7IN7 , qemORIPvt-4324pIgDs_81 , qjVNEKkj-64lmc0rzEcaH9 , At5PR1V5U94cU_mbwRsAf8 , IdVe3Kyd1r4_MUsxyQs9hd","VrP5ZgypPN4Yy3Ksu29cv2 , -1TV_1j-Ql4fMRKguMpg6a , Y8ATz2onsy4eiiYFQWMWIa , wkAIVM_C324y2_x6PzUrwb , PCdTyVc_OM45UiOj1ALND5 , KvuXo7TN4k4124bOa1-WHe , h6dPhHecnv45equ1nb5Jb7","Phoenix Contact RELAY,CONTROL,SPDT,24VDC COIL"
"RELAY,CONTROL,DPDT,24VDC COIL,6AMP CONTACT RATING, DIN RAIL MOUNT","RELAY,CONTROL,DPDT,24VDC COIL,6AMP CONTACT RATING, DIN RAIL MOUNT, PLC-BSC-24DC/21-21 TERMINAL BLOCK #2967015 & RELAY #2961192 PHOENIX ORDER #2967060",$23.28 ,,2809894000,Phoenix Contact,,,,E172140,NRNT2,"y-zRJTRoax4ZAmBa54giS6 , Di9wc_fO_o4FikodY6IQJc , hKXhC6OCMP4Duncvt3N8R3 , z76rqQRKX84LeNfq6TmnN8 , 848Km2H045456qMAWsbRg3 , zTmg1s9pe-4DavYC6EbRo9 , ctx2rF_T7S4TIFktRM1Sw7","8BHBctcUmW4lUcg-rLhXWc , OQZ1OpKrCu4iY36tzuep52 , NgPlKPwOkz4Bq3BihTpdz8 , CsWKRAB1SH4OYRbhNz0TK0 , Y-KEmBNsRr44Yp5Xae7IQ3 , GyD895O5yL4yasucUpUDL6","Phoenix Contact RELAY,CONTROL,DPDT,24VDC COIL,6AMP CONTACT RATING, DIN RAIL MOUNT"
"0828736 1F TO 20F,1P TO 20P,1G TO 20G","TERMINAL MARKER,HORIZONTAL,FOR TERMINAL BLOCK UT 4-PE/L/HESILED 24, THREE STRIPS OF NUMBERS,1F TO 20F,1P TO 20P,1G TO 20G, PHOENIX CONTACT #0828736",$6.54 ,,2854169000,Phoenix Contact,,,,,,"pZSgREmdLB4cMNhGpuhxm8 , EO-llktqae4KyBdIUiig28 , z0D97xmXI64hE6qiCbJUj3 , WWYAou7F-44jqxj4OOqCv7 , _9Jhiq7HFs4YEY39tR9ce1","X-IpRUiqb94vmudfBzxiW0 , t6nXafw5ZZ4yyTdkJO1LAc , wcGkJB2VeS4K6xMQO2hwl4 , x0lizhbzhQ41y5uuHDrh03 , JpEgQL8mod4Dmc7gkLPzzd , usuHauQuKt45EPraznkdpa","Phoenix Contact 0828736 1F TO 20F,1P TO 20P,1G TO 20G"
"NUMBERING STRIP,6MM,WHITE,1-10, FOR PHOENIX RELAY TYPE 2966171 PHOENIX ORDER","NUMBERING STRIP,6MM,WHITE,1-10, FOR PHOENIX RELAY TYPE 2966171 PHOENIX ORDER #1051016:0001",$1.91 ,,2851441000,Phoenix Contact,,,,,,"-CspP87Txn452-YDTpRbn3 , sbLW6MobbK42agRhwASfx6 , Z1Y9kCDjGY4qYLpAGoyk98 , ScqAldOeuz44YuZCZOgSja , Gv_oN7mhSF4oidfcgPwnPb , durhfGLfk44HiYfQoqyh0a , 4IZDIslJWE4mINqcLxq1Y1 , MhoiSsNgHy4gybDC8HUP87","A_5fG5pTLS4ZYkDVOtt-s3 , M-OV26_jyF4SMkf-8XxJh1 , vXeswyLfku46IzDk94Z7u6 , zrOmdiReWf4yEalzlUypv9 , 0wfDNsXiRw40iVG2REssGc , 5tG40vLbDz4PEFHbmL0dK2 , mdAqQSnIt44cQMP7hhFVUb , CjVRcxitZ64VAEJ_m_CJ99","Phoenix Contact NUMBERING STRIP,6MM,WHITE,1-10, FOR PHOENIX RELAY TYPE 2966171 PHOENIX ORDER"
1051016:0011,"NUMBERING STRIP,6MM,WHITE,11-20,
FOR PHOENIX RELAY TYPE 2966171
PHOENIX ORDER #1051016:0011",$1.91 ,,2851443000,Phoenix Contact,,,,,,"LPQRxH0zXC43uOo2BjJJib , 9tzbXznK7X452SMJYc8xM6 , DumgOLav414v6YyIqZAua8 , wBGdJ2ekR144QN0u_HgA7b , cnXOHcwE4N4EQ5IPn3yYF1","RpJnZAYb634qI01p1tnke3 , ztQZWUs83S4ceFkcO07h5d , q8S65HaQBA4NU5NLQ5heJ9 , n7dmEV0rlM4Nio37KxOiP1",Phoenix Contact 1051016:0011
TRIO-PS-2G/1AC/24DC/3/C2LPS,"POWER SUPPLY,100-240VAC TO 24V-DC FIXED VOLTAGE @ 3.0 AMPS,
SUITABLE FOR OPERATION AS REDUNDANT OR PARALLEL POWER SUPPLY
PHOENIX CONTACT #TRIO-PS-2G/1AC/24DC/3/C2LPS #2903147",$76.58 ,,2852859000,Phoenix Contact,,,,E123528,NMTR,"Cvrounxn8U4kihztp1QNY5 , MREtRxj7H24oAkZ4XI1hL3 , jFu8VNKaWe4lmN-M5WUpn0","AJyujYr_tM4X68h6Qe8Un0 , N6CbQ7OrF54xac3JDomjkd , 1Y6tClGP9z4zYfyTrqI-u9 , 1UlIVKXK594Zm2218Ok2B8",Phoenix Contact TRIO-PS-2G/1AC/24DC/3/C2LPS
TRIO-PS-2G/1AC/24DC/10 ORDER,"POWER SUPPLY,100-240VAC TO 24V-DC @ 10.0 AMPS,SUITABLE
FOR OPERATION AS REDUNDANT OR PARALLEL POWER SUPPLY
PHOENIX CONTACT MODEL #TRIO-PS-2G/1AC/24DC/10,ORDER #2903149",$195.77 ,,2852858000,Phoenix Contact,,,,E123528,NMTR,"KQSfXiTSpO4jEH8ZW6zLT9 , CGsJSRTIGR4fy9QgIc7V37 , RmYy016JiA4my0j7CvgdNa , TUQ5jEwtsP4X6tMI4JBmm8 , RAFbA_HGSY44e7RLqbmp1d , X-Z248SnBD4fe-rnfCgyrc","kdigk_LCuw4Yq2MDQ7VPDa , fbzpFC7Rgx4MQ2W9wSHrn1 , Ztv6HaftR94lYvqYern8I3 , bDCOs8W_qC41IdD3hLjmP5 , iYJ9CHlhwO4ueoF-0Oh0k6 , svRp1jK-LA46MBjsPQd1B6",Phoenix Contact TRIO-PS-2G/1AC/24DC/10 ORDER
TRIO-PS-2G/1AC/24DC/20 ORDER,"POWER SUPPLY,100-240VAC TO 24V-DC @ 20.0 AMPS,SUITABLE
FOR OPERATION AS REDUNDANT OR PARALLEL POWER SUPPLY
PHOENIX CONTACT MODEL #TRIO-PS-2G/1AC/24DC/20,ORDER #2903151",$301.42 ,,2852857000,Phoenix Contact,,,,E123528,NMTR,"XEEQ1A8Dvx4rED4M-tWjW3 , qQrNQ8kmE84ua7Mf3aKsz6 , yRyuSIg2MM4V2ADkXyPWpd","nnSPdn9RDp4vezWDU7ys27 , cAfbWnvgmP41mh4xk3Oma7",Phoenix Contact TRIO-PS-2G/1AC/24DC/20 ORDER
"UT 4-PE/L/HESILED 24, PHOENIX CONTACT #3214321","BLOCK,TERMINAL,24V,#26-10AWG,COMPRESSION CLAMP, BLACK BODY, FUSE TYPE G,PASSTHROUGH,GROUND, 3 LEVELS,5 CONNECTIONS,28A NOMINAL,UT 4-PE/L/HESILED 24, PHOENIX CONTACT #3214321",$20.07 ,,2854042000,Phoenix Contact,,,,E60425,XCFR2,"vp3FaL_q3J4raeY9DMFmb7 , rYZmzONS314TidNPv_Vl13 , ZyHIfIcviG4XQbYPBHVPO7 , pPrMwArDg54AaBrvMd0bS2 , yBdaABQYZe4bUk6stuPLhf","wz_wwUkGgx4sAHs3CFR5ea , BKL292Zna54EEoe4QTTZc3 , cZxlXs0irg4BMMyn6iHLkc , zQs7b8CQsM4PEswWbOyKIe , CddrIbYKXj4wM9canuKQ2d , Uj2LUNL4iO4TQBun8u6zJ7","Phoenix Contact UT 4-PE/L/HESILED 24, PHOENIX CONTACT #3214321"
UT 4-PE JUMPERS,"JUMPER,CENTER,20 POLE,RED,FOR PHOENIX CONTACT TERMINAL BLOCK #UT 4-PE PHOENIX CONTACT #3030365",$9.29 ,,2854046000,Phoenix Contact,,,,E60425,XCFR2,"UkHFKt44dc4fmFSFUd-_k9 , Fp_7_JFNHM4PAuEAU_AQif , dSzHfYD0sW4Yqn7ztPoZI8 , 5x5AQxabzb4zEjTUGAOswa , olq_vJJwqN4KyDJlF2b8r5","JpxAQpVmeS44e2CQ17e7ja , jkiwHGPxsA4fyKX_d0nBP2 , QhCwSQSvDI4niLUMjngO_3 , zk7ybj10lm4dehNOeQ4SM8 , hjULO96yKy4VQ7CVwGjPw9 , qLUExjlSjl4xMNoy-jyJq8",Phoenix Contact UT 4-PE JUMPERS
"FESTO 533314,QBT-1/4-1/4-U","CONNECTOR,TEE,00.250""OD TUBE X 00.250""OD TUBE X 00.250""MPT PUSH-PULL FITTING,BLACK POLYMER FESTO 533314,QBT-1/4-1/4-U OR PISCO EQUAL (PISCO # PB1/4-N2UT)",$5.89 ,,2554105000,PISCO,,,,,,"LJYUoCItvq4CEspx16nPE3 , gfZUACypee4dugohorNti7 , 8qok2RZeyr4OqVpxLWEbva , FzSlvWT1ZB4QyNDDofVyl1","66joHsuBRO4SigPsR-Y_P0 , O36bCObKAT466d2LmyS7q1 , YY-UbyNQWY4Jy-IBbhyBv4 , BUj6LfAsF-4SMijnpnAanc , z5ItKTXdjJ4NyFVppKD8xe","PISCO FESTO 533314,QBT-1/4-1/4-U"
1783-US8T,"SWITCH,ETHERNET,UNMANAGED,STRATIX 2000 SWITCH,
8-PORT BASE SWITCH
ROCKWELL #1783-US8T",$242.89 ,,2851934000,Rockwell,,,,E65584,NRAQ,"XvcMyCTYHN48q-YmoHRLhd , _ILl-iYlgo4iAtgT_zN6Ae , COA7iwhNnn45ilVs0czph2 , RDN8eivoXq4JYxJdtu2A40 , Pj9oUkYmSu4GQlsv9WuL74","Te01Hbxun74W2LKeKIdhO8 , rpRhmVJF-O4HUOSBsQvNJ8 , ZZoqOw3zs34ZMpDpNsagPa , L5XfPmyRBd4U6VJeJXefL4 , n4yjAgYRIM4SikEv_QCF75 , 6Mj_Neljxm4pQT2O_32G1b",Rockwell 1783-US8T
"CARD,MEMORY,SD,4GB, SANDISK # MEM-4GSD OR EQUAL GRAINGER","CARD,MEMORY,SD,4GB, SANDISK # MEM-4GSD OR EQUAL GRAINGER# 14F881",$22.07 ,,2852288000,SANDISK,,,,,,"6DwsCMOVDQ4heKYyspcJl3 , __oUMInjJL4lYlCTqKPWI7","C05Coaz6De4hIJPq0pjRA4 , nGDiHYzgd94tUI_E6vJ2F1 , 0ySGi47DEr40e-1OqbS_20","SANDISK CARD,MEMORY,SD,4GB, SANDISK # MEM-4GSD OR EQUAL GRAINGER"
9070T5000D37,"TRANSFORMER,POT,VA RATING 5000VA,
550/575/600V PRIMARY,115/230V SECONDARY,
50/60CY

SQUARE D # 9070T5000D37","$2,850.00 ",,2854590000,Schneider Electric,,,,E137621,NMTR,vXP4D9jtK04oqGt_BezTea,"0F0dSkxF5A4_qdkftm1q50 , KT-LS5gTSy48emqwunhX06",Schneider Electric 9070T5000D37
"LABEL, WARNING","LABEL, WARNING, ARC FLASH HAZARD 03.500"" X 5.000"" THOMAS & BETTS #LB94913",$6.40 ,,3102216000,Thomas & Betts,,,,,,"QVzGTQuqWO4lA4lhbw0WJ6 , -2XwcGcV7P4JmxnT3OcHwd , 8zTdeFb_Gg4LIp1xiqN9J4 , 1LUJngYc3Y456kQrtKQ1A2 , 4SwO42w5df47Mkrv9D64Q8 , NDIusuxnNC4SQEO-4tkHLd","WbziS_ijd_4VYezAvTaqWa , -vcuJwty1K4XA5bWd-Wjm1 , Q0QCRn5X554DAsbY3IcEg5 , p1MG7rouWs4BmLt6NIg2jc , RxK0-X6G-y4k2nxU3Cxz5e , xBTLoflUOg42aC0o0Gf2ee","Thomas & Betts LABEL, WARNING"
DC21-60F0-0000,"CONTROLLER,POWER,SCR,65 AMPS,277-600VAC,50/60HZ,
4-20MA INPUT,3 PHASE,2 LEG CONTROL,120VAC FAN,
WATLOW #DC21-60F0-0000",$640.00 ,,2850850000,WATLOW,,,,E73741,NRNT,"vdpu5YqY8f46y4aiSQ0-fc , BY67IBf8zS4Aq8Evsn7qD8 , YYGhUQTvOS4W2Z4AnB_lU0","x01xYsrx034y64U-tT-aB8 , 2I52DK0HgO44my5XSM2k8d",WATLOW DC21-60F0-0000
"BLOCK,SUPPORT,INSULATING,FOR ISOLATING SHIELD/GROUND WEIDMULLER TYPE SH2S CAT","BLOCK,SUPPORT,INSULATING,FOR ISOLATING SHIELD/GROUND WEIDMULLER TYPE SH2S CAT #064172000   (OLD #6417.2)",$16.00 ,,2808292000,Weidmuller,,,,,,"Z-lB-nIO8f4oycSRtR-x5e , 9CFVgN_KKQ4uU4X4RK0fKf , y80QXQS6ht4wezteixac3b , HQJloQ-8JQ4qaWoO7Ay7f4 , ucpbo0ZqhG4UmBR0vJe__9","snUImKb39p4im-jp5nrww6 , d7PVHrglYF4Dy1IfVi_C00 , m64zXUG6_W4baipxpJSIb8 , hauoy2Mgwx4giHvaUqrSx4 , FYF0LDLs8D4wA6lPwmJLte , tAiP4YC4Zm44iNwwU0EA73","Weidmuller BLOCK,SUPPORT,INSULATING,FOR ISOLATING SHIELD/GROUND WEIDMULLER TYPE SH2S CAT"
1010000000,"STANDARD DESIGN PROTECTIVE CONDUCTOR TERMINAL - WPE 2.5


GROUND TERMINAL


GREEN/YELLOW WEMID, 22-12AWG


SERIE W - SCREW CLAMP, MOUNTS ON DIN RAIL",,,,Weidmuller,,,,,,DZyK-UVqHY4-6Iq9ny2Epc,,Weidmuller 1010000000
PUN-H-1/4-BL-500-HA OR PARKER PARAFLEX,"TUBE,00.250""OD X 00.045""W,BLUE,POLYURETHANE TUBING,
FESTO # PUN-H-1/4-BL-500-HA
OR PARKER PARAFLEX #HU-4-BLU-0500 IS ACCEPTABLE SUBSTITUTE

NOTE TO MECO:  WHEN ORDERING FROM FESTO ON A SPOOL
THE MANUFACTURER P/N IS XXXXXXXXXXXXXXXX",$0.43 ,,6630186000,AB,AB rep,,,,,"mK9gpEriQ24hYe3vT-gzSc , ZccI7fox624oyT1k6og3n7 , z7lj5jnCi_4iiap74MmYD4 , 8OLg7EmsQ94BU0koZ_1XU8","ZTiBJA3l4c4Fq5vBX9QWrb , 5eyehWMJ0J4BIFyhYhpe24 , hGhrfNkOyD4Cmh4l-80NCe , tyyGFzKCsd4nuHaRPqCi95 , n72DYXV20J4vI7ahvd9ahe",AB PUN-H-1/4-BL-500-HA OR PARKER PARAFLEX
1769-L32E,,$0.00 ,,,AB,AB rep,,,E65584,NRAQ,zlYnShL7EF4ma01E3ytPN1,,AB 1769-L32E
"Ethernet patch cable, JL-14 OR EQUAL","CABLE,COMMUNICATION,CATEGORY 6 NETWORK CABLE,FOR STANDARD        
ETHERNET(10BASE-T) OR FAST ETHERNET(100BASE-T) NETWORKING,       
MALE/MALE RJ45 CONNECTIONS WITH SNAGLESS BOOTS,PVC JACKETED      
CABLE,4 TWISTED PAIRS,24AWG,YELLOW,14FT                           
A2Z CABLES #JL-14 OR EQUAL",$8.00 ,,2851589000,AB,AB rep,,,,,"0hDEyKLIVX4kuiHTWVcv3b , cY95ehKa0z4zQ6TxBIamz7 , FUYz_D-_704oq8OH4GyOw6","VsKF8JokHK4J2g54q0Euz0 , wddOOr_c_24KM3wE1f6fi7 , wyOu9pFsKn4imp-IfZKIo3 , QDALnFGuvz4Re7AyS0TkL8","AB Ethernet patch cable, JL-14 OR EQUAL"
1769-PB4,"1769 MICRO LOGIX 1500 COMPACT I/O MODULE


1769


POWER SUPPLY


24VDC


POWER SUPPLY",,,,AB,AB rep,,,E322657,NRAQ,WhWanfAPej4zIfByWQZaYb,,AB 1769-PB4
855PC-B24LE422,"HORN,ALARM,WITH RED LED,24V,AC/DC,
65MM SIZE,22.5MM MOUNTING HOLE
AB #855PC-B24LE422",$261.77 ,,2850941000,AB,AB rep,,,E14840,NKCR,"mUxuWrnUKr4XEk0A3RiiEf , 47rHzpyHHM4OQJpchLxcd3 , jPkTNd1X-w4Q22zv6rRzD6 , 2ZMvt8IJFo4Umvmi_SjBA4 , o0A-ST5ANf4smHeB4ssHO2","xkjZvDVX8J4GM-JytIl6P1 , 4H98d2-ZIH4IylxgLD-2J1 , Wf-LuTgFvK4-E1LK0UQ-Da , jJmx8_RSra4A2dRokoUvd6 , RfyCp9UGyy4fyVGzBx20g3 , 2iJYI_foM14YU6VBnSp4Y3",AB 855PC-B24LE422
GA80U4018ABM OLD VENDOR,"VARIABLE FREQ DR,10HP,460",,"VARIABLE FREQUENCY DRIVE,10HP/460V/3PH/60HZ MOTOR,
NEMA 1(IP20) ENCLOSURE,DIMENSIONS:10.2""H X 5.51""W
X 8.31""D
YASKAWA #GA80U4018ABM

OLD VENDOR #CIMR-F7U47P5",2851234000,AB,AB rep,,,,,bwzXgW2nF54kmL0oOfjgId,rBE6_-hhmF4UeY6K4AWe86,AB GA80U4018ABM OLD VENDOR
RF-S142R,"CONNECTOR,RIGHT ANGLE",,"CONNECTOR,RIGHT ANGLE,RP-SMA MALE TO SMA FEMALE
FOR CELLULAR ANTENNA USE

ORDER IS TWO PER PACK

CABLESONLINE.COM MFG# RF-S142R
(OLD  RF-S103R-2)",2854291300,AB,AB rep,,,,,miDV8Zcm404MAwZ0wCoByb,,AB RF-S142R
JL-25 OR EQUAL,"CABLE,COMMUNICATION,CATEGORY 6 NETWORK CABLE,FOR STANDARD        
ETHERNET(10BASE-T) OR FAST ETHERNET(100BASE-T) NETWORKING,       
MALE/MALE RJ45 CONNECTIONS WITH SNAGLESS BOOTS,PVC JACKETED      
CABLE,4 TWISTED PAIRS,24AWG,YELLOW,25FT
A2Z CABLES #JL-25 OR EQUAL",$12.00 ,,2851935000,AB,AB rep,,,,,"UvF_y8AxVV4xANXYATnvl6 , pOOx-H_xWf4lUaGi3S8oG0 , AioSrCnIGd46ahQCOTlRTe","BXfS85oAlu4teuPT3Zcsh0 , JZQWMLMlh74fqVWwGwbnY7",AB JL-25 OR EQUAL
"Ethernet CABLE,COMMUNICATION,CATEGORY 6 NETWORK CABLE","CABLE,COMMUNICATION,CATEGORY 6 NETWORK CABLE,FOR STANDARD ETHERNET(10BASE-T) OR FAST ETHERNET(100BASE-T) NETWORKING, MALE/MALE RJ45 CONNECTIONS WITH SNAGLESS BOOTS,PVC JACKETED CABLE,4 TWISTED PAIRS,24AWG,YELLOW,7FT A2Z CABLES #JL-7 OR EQUAL",$8.00 ,,2809989000,AB,AB rep,,,,,"q5kOQqmEYG4zm8jFZQYTv8 , Db_HJQLJWB4_aXq7580cSd , o9A9oOIJq54euqSQL2_rNb , KHlv6A-sMb4_Qr96X_cII2 , 0gV5IBhDw44eELMcLeYub3 , ZLNmxKSgZU4-25h-kDBqo0 , xlykpqk7d94huvgLhAcvU2 , _KmzWDZnjU4haH2fldjSwb","jDYG9LJ2nv4rI5Z8iH4he8 , QGaiWqi3-64PQgPKDIkiXd , S5r6BFHAJn4-aqB7BdI15c , 3DitXXI7LC4oyoJhx4iRqa , we3xgPDPGi4Gqf01y5ZP0f , GOEwIU2o_s45EMkbMVdY1e , tVYYcDm6Lz48ImaHQLT4l8 , 2bIGKfwMKl49mPTGr28-hf","AB Ethernet CABLE,COMMUNICATION,CATEGORY 6 NETWORK CABLE"
FNQ-R-5,"FUSE,5A, 600V",,"FUSE,5AMPS,600VOLTS,TIME DELAY
COOPER BUSSMANN (CC-TRON) #FNQ-R-5",2806798000,Bussmann,American Electric,,,,,P0IpMb-5pt4PMM9EObfcR7,Nulo4OLiRP4ZqMTkUJaiX6,Bussmann FNQ-R-5
GMA 5R,"FUSE,5A, 125V",,"FUSE,5AMPS,125VOLTS
BUSSMANN #GMA 5R",2804138000,Bussmann,American Electric,,,,,xN7yntjKPt40u9IaclVul2,#NAME?,Bussmann GMA 5R
LPJ-30SP,"FUSE,30 AMPS,600 VOLTS,CLASS J DUAL ELEMENT,                          
TIME DELAY                                                            
BUSSMANN #LPJ-30SP",$38.00 ,,2851709000,Bussmann,American Electric,,,,,QNJooxtqa44FyoggYsEm21,"EwauFqsfvl4Qi3Z795rLha , e96wAX2f8Y4CM2JzpjLrh9",Bussmann LPJ-30SP
"FUSEHOLDER SPARE (5)FUSES 13/32""DIAMETER","FUSEHOLDER,SPARE,(5)FUSES 13/32""DIAMETER, THERMOPLASTIC CONSTRUCTION,ADHESIVE BACK BUSSMANN #5TPH",$36.00 ,,2808701000,Bussmann,American Electric,,,,,"z4qk8V_mdQ4U2Vt6147muf , IMjJYAQXwa4hmegcahQJAd , 7KEL5d-oLY4oeoMQYKexN9 , pTD6Q75InP4nY4IDbJB5c7 , 5fUSybDoC74AqHueQuHSfd","GrMxdmO7Nz4Ii5Ev6dIyyf , _5jGI1qfD84XAm7iPHaV0a , VRX8xChr124uU98SDChtpf , 9rYb9ThTUN4TQjsY3k71a0 , fKahzlVr6N4zavx3FsNOx1","Bussmann FUSEHOLDER SPARE (5)FUSES 13/32""DIAMETER"
FNQ-R 7-1/2,"""                                                    FUSE,7.5AMPS,600VOLTS COOPER BUSSMANN (CC-TRON) #FNQ-R 7-1/2""",,,2807756000,Bussmann,American Electric,,,,,4B66dGiBrlQ82jRiHTiOMn,,Bussmann FNQ-R 7-1/2
BK/GMA-1R (OLD,"FUSE,1AMPS,250VOLTS
BUSSMANN #BK/GMA-1R

(OLD# GMA-1R)",$1.27 ,,2806880000,Bussmann,American Electric,,,E19180,JDYX,"H_s3XRWX1d4_m6fbNgRBu7 , _0lKoNJsm34jmnr1mnuwp2 , gMSIkie2-W4f2KN1vbGjAc , HPcFelCoEe4uMtphiNSZla , _d92c3ZC8q4nACEhK28hlc , R_5Wb5HAhM4aIidS18Xzhe , EDCbLUTH0f40UBvCt8xate , wxaKkovSQu45Y4nSyd-GWc , HB6ua7Y3lg4qIuoRXDX7M2","WJ6_KHPUZE4PqCK-9MfdNd , a7rTQm6MSv4F2N3qEYCvw6 , GSLwL8Fnzn41evL0-MXTh3 , eXwxtv89jx4_MdtIJ2Fxq7 , uB91CwA00J4ruSWNbVasDe , X_jj7mGwrh4BQbhxc35HH9 , _wMJwcLJEi4yq2ovt-PC4c , -8nQj78OML4E6iri0frvZ7 , 5KsKFb4zn_4uUGhoX5Wk_e , nWWIsYHxcH4ZeMryB_Cgl1",Bussmann BK/GMA-1R (OLD
AGC-3-R,,,,,Bussmann,American Electric,,,E19180,JDYX,tqijqqWo6a4Ha3YK2pqU_2,,Bussmann AGC-3-R
AGC-6-R,,,,,Bussmann,American Electric,,,E19180,JDYX,7CJ095kcYq42uXYUTNBS7a,,Bussmann AGC-6-R
GMA-2-R,"FUSE,2 AMPS,250VOLTS
BUSSMANN #GMA-2-R",$1.28 ,,2804139000,Bussmann,American Electric,,,E19180,JDYX,"jLhg3yQYr54UEaircx5h4f , Jx92yY-tiO4mUZo8Rp6e55 , 9nrdTEqLkM472RrT79Pas8 , xcet1X1i6y4dmj3DtLFTN4 , G1bLiEY2Wh4OigxOOMIZ66 , U24-WZxck44bqT5Volgoxe , LMrm_WjNFc4IYznwrb6UW6 , pIsvL4oyid4Zi84Ivfqdwa","hdgEgxPfBV4Q2vAKjmZq88 , 9g4ir1f-rx4qMVZ9AIhNS0 , 5kdRKGBahF4IYNhkXp6rTb , pyvWtECOim45QqM77MU_I1 , VmEhGhsRmC4MEK1LOUwP04 , yccrTBAFI84Be5_Q5pfLM5 , 5wlBY_whyV4BefVcntoV62 , cNb2xgt7QO4ou1b9cm4yO6",Bussmann GMA-2-R
AGC-2-R,,,,,Bussmann,American Electric,,,E19180,JDYX,WGSqJK2XwQ4-E43WOA1Wfa,,Bussmann AGC-2-R
JM70100-3CR,"BLOCK,FUSE,100 AMPS,600V,3 POLE,22MM X 58MM
SEMICONDUCTOR FUSE,BOX LUG TERMINAL
BUSSMANN #JM70100-3CR",$150.00 ,,2851706000,Bussmann,American Electric,,,,,"uYoXKFoNAg4hyVR4AiuNNa , pus7TFmq3c4zQCilTBukb8 , cEIrSXrGBo4JQG0n8EylS9","05kiq3501Q4ty-EOBSL9g6 , kimnAA4ne64gYk5X3TxtF1",Bussmann JM70100-3CR
GMA 4,"FUSE,4 AMPS,125VOLTS
BUSSMANN #GMA 4",$1.28 ,,2851654000,Bussmann,American Electric,,,E19180,JDYX,"chcMyIGzFX4iI0wZWT-Ib0 , Mb4SvZcCdT4pyJnu8OdvIf","k2t2irm3AB4X6zp77mbPfa , LSaC76pYiL4GiH9Td_iSoc",Bussmann GMA 4
FNQ-R 30,"FUSE,30AMPS,600VOLTS
COOPER BUSSMANN (CC-TRON) #FNQ-R 30",$25.00 ,,2809673000,Bussmann,American Electric,,,E19180,JDYX,xHv_kgUmuF4LMQn2Y_I1r3,"0WH858uH7I4OavbU_Mrzxe , 56QO3B_b2O4RaVEvMMcRS7",Bussmann FNQ-R 30
FNQ-R 7,"FUSE,7 AMP,600VOLT
COOPER BUSSMANN (CC-TRON) #FNQ-R 7",$28.50 ,,2850418000,Bussmann,American Electric,,,E19180,JDYX,6ABYOKdfBa4cY13FAuhPD2,"CDHDcNoSFe4PUrSNv_pZGf , UPRdElLdVn4UAdb1TH6Zw2",Bussmann FNQ-R 7
FNQ-R-15,"FUSE,15AMPS,600VOLTS
COOPER BUSSMANN (CC-TRON) #FNQ-R-15",$24.10 ,,2809717000,Bussmann,American Electric,,,E19180,JDYX,"gzTwWfPmyF4j6W16u1tX_1 , MKsUEGHsRP4pYruqbpClU8 , y1kRWsSHm442alD7uTjBH3 , 6EKBEZ8Owj4WMy_gjsFyDf","cZhpic16zJ42Q4n9fgTEUb , gR1TtdepnO4uy8XMzw0Gce , 76f5ceATs04gySka3M2-qf",Bussmann FNQ-R-15
FNQ-R 10 OR EQUAL,"FUSE,10AMPS,600VOLTS                                        
COOPER BUSSMANN (CC-TRON) #FNQ-R 10 OR EQUAL",$25.75 ,,2807759000,Bussmann,American Electric,,,E19180,JDYX,"ppjXKmkhq14RY5yyAk2wMe , RkMoHDPmyw4HUmrPtTbs82 , qAiIjlC2Pc4U6PdUXJBI0a","emXOhzIR5C4dM6ekE2ABDd , 7DqhP0LVlv4R663SI6glB6",Bussmann FNQ-R 10 OR EQUAL
GMA-8-R,"FUSE,8 AMPS,125VOLTS
BUSSMANN #GMA-8-R",$1.35 ,,2851032000,Bussmann,American Electric,,,E19180,JDYX,"e28u2T8WGD47eO_aVHcS19 , zzN81k0NXI4PygTswWbhWd , Ro1n5IUwXz4xQ9go0NIxX8 , gI09_3DRrm4aiIm7x6pnka","CAIEMzL5x74QQ3SuPk1mm1 , 9w9iRWlPDY4IutcF5KR-h0 , RQTxmorK1n4L27RPaVM4Bc , mTfaoUxHpj4omX8_6WzRM6 , eHr4AWTcLj4AA6ga2EVga0",Bussmann GMA-8-R
FWP-80A22F,"FUSE,80AMPS,700VOLTS,22 X 58 MM
BUSSMANN #FWP-80A22F",$90.00 ,,2851705000,Bussmann,American Electric,,,E19180,JDYX,"eSadlN8UDq4emoNMs9S_D1 , dAxjBEf7g-4Ie8n9JQRkeb , f1lz0bC6nQ4o2JTyLCzCJ9","7nPSm7n88V4QmEQSkVndzb , tGzqBSfK7c4EQq1CGZI2Xd",Bussmann FWP-80A22F
GMA 250R,"FUSE,.25AMP,250VOLTS
BUSSMANN #GMA 250R",$1.45 ,,2806883000,Bussmann,American Electric,,,E19180,JDYX,"7kkdZKpOmo4vIZ1R93b1o2 , bqWkpG-hkf4VeNu2Ew8GU8 , LsH697h4Ad4raIQ4Zt8Et7 , As0p5fJjDG42EQUGxpTbAe , HzP-dI8P5M4Ge_531TeVM5","2PFcDrJelM47IvQzNQBMd6 , 0ZWbJoGogi4ua_ZDg1d_03 , 7Rl9dBhFUt43uEhXS9Tha9 , ZJthPkXCMd4emkInmqO7ue , MhCmKMsDcI41Y3OP__lbCc , 0ZNqbS33bw4NAFypWgk3j3",Bussmann GMA 250R
GMA-500R,"FUSE,0.5AMPS,250VOLTS
BUSSMANN #GMA-500R",$1.27 ,,2806881000,Bussmann,American Electric,,,E19180,JDYX,"ZGulwfUh_54EuxoU4VTzzf , 2R8Hoaatse4eaoE5SQ3M6d , C_mwjmlxVm4tIqHDd_ZAz3 , MdoJ1gtteT4rmY_S3QH0Ba , j40txZuSdi4LMHPiOXkFUb","w-gk5fX_4-40qRcwyTPpW1 , rmMnI9PjP44nE9_Pt3a-b9 , G5CGGibVV84GM-gCTZA3X4 , cCojtZ_4b642Q5fEn_mqE7 , b91BV_vFl04IqwSy9NV9te , 9_64Bz6ZEg4lMk7HzkWR77",Bussmann GMA-500R
"FUSE,3 AMPS,250VOLTS BUSSMANN #GMA-3-R","FUSE,3 AMPS,250VOLTS BUSSMANN #GMA-3-R",$1.27 ,,2853067000,Bussmann,American Electric,,,E19180,JDYX,"3ZpA8WGFzI4yE5I6giRMvc , bPHfFQKIJo49YJwNGqdH-e , uxOjOfd-qp47iZ0bl5SgFf , RLlxcCYBdc42MR60_7nWq7 , rTOjpbRhmH4OYIxa3yRn07","obUxaV3hPv4s66PChgEEie , Eipu909PMx4JURahyWHqs0 , 6iDryeWD7R4zyvrA7JkID1 , 2djpgZ5gLc4gYK5m_PmOEc , lSyVCAYUr145y7vUIPj-Wd , Xov_orQjR54zU9EYsQp6o3","Bussmann FUSE,3 AMPS,250VOLTS BUSSMANN #GMA-3-R"
FNQ-R 2,"FUSE,2 AMPS,600VOLTS
COOPER BUSSMANN (CC-TRON) #FNQ-R 2",$24.45 ,,2807752000,Bussmann,American Electric,,,E19180,JDYX,3SecPPsBy24yQIpqATRDN0,"OpJjiysvJh45qB1VEUG8Y5 , Olds2jBOfM4kiIcGnx6uc8",Bussmann FNQ-R 2
FNQ-R 20,"FUSE,20AMPS,600VOLTS
COOPER BUSSMANN (CC-TRON) #FNQ-R 20",$25.00 ,,2809672000,Bussmann,American Electric,,,E19180,JDYX,"KsnlcJB_Rf4ReitCJ5LHJ1 , 3ZgEvzNVYl45E8uH4cdcq1 , Z2WQLUgjZA4UIf0zn0YXa7","mUv0QxL_RW44u1LhXHAWt7 , UoyhmksqYq4hiacF_lo0b9",Bussmann FNQ-R 20
"FUSE,1AMPS,600VOLTS","FUSE,1AMPS,600VOLTS                                          COOPER BUSSMANN (CC-TRON) #FNQ-R 1",$24.00 ,,2807750000,Bussmann,American Electric,,,E19180,JDYX,"rEPCCOHa8x4leLscvP7src , RAAMBUm1Jj49YxuA2cZnx9","ky2-uUHQPm46m4XQNQlDd1 , mmBb_-2g334KqHWfuGWaFb , e3S63EtcF_47yDoqQ8uGva","Bussmann FUSE,1AMPS,600VOLTS"
FNQ-R 3,"FUSE,3 AMPS,600VOLTS
COOPER BUSSMANN (CC-TRON) #FNQ-R 3",$24.00 ,,2807753000,Bussmann,American Electric,,,E19180,JDYX,VjFntPzAzZ4nI7f9MKOTSa,"MeDy8P8L8V4O2ADer7tRU4 , WD0v35I1n44-Y5OtfrOdpd",Bussmann FNQ-R 3
HG1300404,"GRILLE,EXHAUST,FOR FILTER FAN PACKAGE HF1326424 , GRAY 
HOFFMAN #HG1300404",$71.00 ,,2205323001,Hoffman,American Electric,,4,E482010,FTTA,grNpuXBEAZ4eq9trxtIpI9,"86aSZKpVzn4cMV56tgjS49 , eJAqR3lfgM4mm8zhE9FpP3",Hoffman HG1300404
A-302412LP OR ELECTROMATE,"ENCLOSURE, NEMA 12",,"ENCLOSURE,NEMA 12,30.000"" X 24.000"" X 12.000""               
HOFFMAN #A-302412LP OR ELECTROMATE #E-302412",2200687000,Hoffman,American Electric,,,,,M68i9K1cr94_IutnC03aff,vfLZzrxbPa4Qy9dSPZQIX3,Hoffman A-302412LP OR ELECTROMATE
A-30P24,"PANEL,ENCL, 27.000""",,"PANEL,ENCLOSURE,27.000"" X 21.000""                           
HOFFMAN #A-30P24",2200438000,Hoffman,American Electric,,,,,"waGYpT14Nl49ytGKOLiB7c , Q2QrcXKh8x4e2iOBvFb709","EImcYfWive4h2Zxh7w4p6e , s096kkVSYw4O2ba1CkF7va",Hoffman A-30P24
A-S050SS,"SEAL,HOLE,00.500""CONDUIT,STAINLESS STEEL
HOFFMAN #A-S050SS",$20.25 ,,2806958000,Hoffman,American Electric,,4,E61997,NITW2,us0pdD0soV4PQz8rfLGr-6,"J1QhNfr5514M6PD3Lx_sl0 , 1ipnGzAvke4jy8dLSMmMd6",Hoffman A-S050SS
P-GS2K,"GROUNDING BAR SYSTEM,(3)M6 HOLES,(10)M5 HOLES,
WITH INSULATED MOUNTING BRACKETS
HOFFMAN #P-GS2K",$82.00 ,,2808293000,Hoffman,American Electric,,4,E61997,NITW2,"mUJ1KexZbz4uEGa1dXl-h2 , ctp0IXcElL4LmzOlbfoKN5 , IGKepiXNwp4uuYexezdQP2 , _nYuW-vLel4eaAp_qa87N3 , D3NSbW4KyV4Lyzb2AN5684 , 2k2JR8Q8sx4DmR-HAiXMsf , R0kGYcWLCy4mEYFwG_gD21 , SLvUv0eJGU41apQmqiSPge , vQjvboe3je4zeo0uUrj0J3 , 67MV2jBIkZ4iAK-woj5MA8 , 7atMQ-l37p46AY2FiCizR7","lXOsXLk5mC4diNytahzQX1 , MF55Xvx97w4-uiIk3N9LB9 , d7wvu2yfk94V6pwxt6NUre , p15i3IYbso4d2PPNW9jzO0 , LYfPbgrqZb4WePR9V0qhl1 , -74Czz4ATv45qUb4ceTLa8 , ZQIxuZ2zeo4Fu1EIiRjyUf , nxNaFrxjzZ46EFCyCLfcX3 , bZhrFzo_QC4bA4TehNuyA9 , 0l5GvIRNJj4iix4gj8_TQ6 , Gjd2ghjhTW406rvV4nbG84 , gZua1cNq0z4wEcdbVlGtob",Hoffman P-GS2K
A36P24,,,,,Hoffman,American Electric,,4,E61997,NITW,tH4F2huc2_43eDX6RI4k52,,Hoffman A36P24
"T-FP61UL12 FAN,COOLING,140.00CFM","FAN,COOLING,140.00CFM,WITH INTAKE GRILLE & FILTER, 115VAC,60CY,UL TYPE 12 HOFFMAN #T-FP61UL12",$656.25 ,,2204684000,Hoffman,American Electric,,4,E61997,NITW2,"av4OTcXnAS4qAy61gVyvXe , k6mT09imEt4g2m9wANRo29 , 3ibdEte_ll42i0jyoTzEW4 , R1sWIF-sDG4Oac5iZ8KFJ9","YIg7AntNH847Mdi8f9ekq2 , BujTsKrHgS42MaFo6b9AD5 , dkJ5LIhc6Q4t2iyBNNpU9a","Hoffman T-FP61UL12 FAN,COOLING,140.00CFM"
A-483612LP,"ENCLOSURE,NEMA 12,48.000"" X 36.000"" X 12.000""               
HOFFMAN #A-483612LP",$902.00 ,,2202690000,Hoffman,American Electric,,4,E61997,NITW,"VrNr8ooe_z4F6EHyQAYFte , I2jSEqxkAQ4smMC1YUHpId , 0H43qBmwDj4nICv5A52aU6 , Vf8eUo_pX14u6qkHOjraC7","6at0e5UzfM4WQSVMvroBFc , 4krGF0qC874jQLczmV7391 , 1aZkqcN3jB4weWA-loy2f4 , W-LXbHl1iG4dE5vz3sJI7d",Hoffman A-483612LP
89134427R,"FILTER,REPLACEMENT,FOR HOFFMAN HF13 FILTER
FAN PACKAGE
HOFFMAN #89134427R (SOLD IN PK OF 6)",$24.00 ,,2205323002,Hoffman,American Electric,,4,E482010,FTTA,_5gzGsLfQz4UqIYGiZhx1d,"gQe4Z5s36t4ue3YKiOyI7f , wVMvVocZrF4F6mOM5yIzk8",Hoffman 89134427R
A-20P20,"PANEL,ENCL, 17.000""",,"PANEL,ENCLOSURE,17.000"" X 17.000""                           
HOFFMAN #A-20P20",2201306000,Hoffman,American Electric,,,,,_tHZyINYD246qOPlt4w2e6,asccAKXiPk4OmumV4rA535,Hoffman A-20P20
A-S150SS,"SEAL,HOLE,01.500""CONDUIT,STAINLESS STEEL
HOFFMAN #A-S150SS",$45.00 ,,2809729000,Hoffman,American Electric,,4,E61997,NITW2,"Bi11kmG_eB4ymovZ4G8yW0 , 83xUU85aAE4c2H90kz4rSb , dqoPwPZuKX4HYcWX-aUHKa","Xsch7Z_sml4uy9z7sqrZ37 , gM_whi1QsC4fmWtrLpN_B0",Hoffman A-S150SS
A-48P36,"PANEL,ENCLOSURE,45.000"" X 33.000""                           
HOFFMAN #A-48P36",$191.00 ,,2200664000,Hoffman,American Electric,,4,E61997,NITW,"S83T4n7FbD4F2zL1tq-P45 , 7KIeENRC194zmhyVcqneWf , luawt7Sk7p4aACTWs3WLyd , wCI1E0g7Pn4niZMWiuoXfb","GavetgeklF4hq2rBjmgOP5 , N0WoUb4Kha4si-vJsrX463 , 8DZbdK23FX4TQXvMauXoz9 , FNz6640Rnw4saw2X1EiTU9",Hoffman A-48P36
A-42P30,"PANEL,ENCLOSURE,39.000"" X 27.000""
HOFFMAN #A-42P30",$145.00 ,,2200873000,Hoffman,American Electric,,4,E61997,NITW,"l9XOcaOPSE45uQFseLO2N2 , 52n2aAGANy4nm9Sk6jNWpe","9DAOPotdu94kmG6Vg6NKWc , pNAZT0xP0U4-65e1mRLmBa",Hoffman A-42P30
A-423010LP OR ELECTROMATE,"ENCLOSURE,NEMA 12,42.000"" X 30.000"" X 10.000""
HOFFMAN #A-423010LP OR ELECTROMATE #E-423010",$728.00 ,,2201181000,Hoffman,American Electric,,4,E61997,NITW,"-QA8jWdRve462XyV0L0Po8 , 6eDkvKUgIj4NQOT5dXEVs0","TnrsqdO8wT4XaII1SH2LE8 , yksA5rGWUc4mmc2qUWlNC1",Hoffman A-423010LP OR ELECTROMATE
A-302410LP,"ENCLOSURE, NEMA 12",,"ENCLOSURE,NEMA 12,30.000"" X 24.000"" X 10.000""               
HOFFMAN #A-302410LP",2202768000,Hoffman,American Electric,,,,,kNV4ykDNYo42MnHLsnIRZ6,6mwXSYT1P14820D0-54DZ6,Hoffman A-302410LP
A-202008LP,"ENCLOSURE, NEMA 12",,"ENCLOSURE,NEMA 12,20.000"" X 20.000"" X 08.000""               
HOFFMAN #A-202008LP",2201591000,Hoffman,American Electric,,,,,ewFo8txcwk4dydV85LqzKb,h4wP5luZbv4JQ3m2eCq2F6,Hoffman A-202008LP
HF1316414 (OLD,"FAN,FILTER PACKAGE HF-13,395CFM,TYPE12/IP54
115VAC/60CY/2600-3000RPM,.76/.88 AMPS,
HOFFMAN #HF1316414

(OLD #SF1316414)",$347.00 ,,2204546000,Hoffman,American Electric,,4,E482010,FTTA,IM8vYZgBuc4PmM8i5Aib55,"2Gh2jWehEv4LY3u3Vl7758 , fBpyZ0wMXW4yUYVZGr9781",Hoffman HF1316414 (OLD
A36H2408SSLP3PT,,,,,Hoffman,American Electric,,4,E61997,NITW,ORHXF9CyZV4UYuhAtYpfie,,Hoffman A36H2408SSLP3PT
A-NMV6 OR VYNCKIER,"VENT,ENCLOSURE
HOFFMAN #A-NMV6 OR VYNCKIER #10000010",$22.00 ,,2202836000,Hoffman,American Electric,,4,E61997,NITW2,"LnuS3ziLFR4JAXaHAh73B0 , YXXdApK9OM44Yh2Zyx3v27 , b14Kbb1v484oQ1XmSesDB8","ayzhrJcCYB4quR9cyX-aB5 , 6pzywqEY754oe_UuiO0Sh1 , QKf49EXKyd46iNbqA8dfY8",Hoffman A-NMV6 OR VYNCKIER
T-EP6UL12,"GRILLE,EXHAUST,WITH FILTER,UL TYPE 12
HOFFMAN #T-EP6UL12",$183.00 ,,2204685000,Hoffman,American Electric,,4,E61997,NITW2,"IBFAb6UJM54mUNAcT2c8r6 , _m6Tbs12hh4F2oYeVFOb40 , i7LN31_BVQ49i2rETTJJKf , sg6FL6jP1L4BYlmXwNoZu9","46jSqJPMLc4CEGCYgXMDZb , kv1y3l93Z-4zeh1D6UjxO9 , 2gt-pee-nW4QY6zHybm_91",Hoffman T-EP6UL12
"00.750""CONDUIT, STAINLESS STEEL","SEAL,HOLE,00.750""CONDUIT,STAINLESS STEEL HOFFMAN #A-S075SS",$26.00 ,,2808283000,Hoffman,American Electric,,4,E61997,NITW2,"toBVZHcMnp4ZAHmm4TF-Wc , PRxlox3z9O45a7e3_3RoR4 , kIGea3ohdg4BMXU7CeNIKb","R6RZBTvaa54WYW_6UAwFbc , VaUl0tp_yz4mYkPbMRt-Qf , Ejm-mkyGmh4buAKhkNumD5 , mTMh30DBgl4XyDblJpTXz5","Hoffman 00.750""CONDUIT, STAINLESS STEEL"
A-363010LP,"ENCLOSURE,NEMA 12,36.000"" X 30.000"" X 10.000""               
HOFFMAN #A-363010LP",$646.00 ,,2202742000,Hoffman,American Electric,,4,E61997,NITW,"c-Xos-JggA4oIvxKkySA7b , 1i0sOH-BoL44yNLC6Y0HW3","lMEEaT1YhT4Om9jJs2vqg4 , hwF_zFwSzh4Nmp6iWvM8S7 , 5c1QqPnCXL4cQRZOtKeOwe",Hoffman A-363010LP
A-36P30,"PANEL,ENCLOSURE,33.000"" X 27.000""                           
HOFFMAN #A-36P30",$127.00 ,,2200442000,Hoffman,American Electric,,4,E61997,NITW,"2n2PizLenZ4Sa_jvXPpi-9 , ROYBoP7lPU4sIeb3GFPgi5","_c7a7uneMJ4bINyVuzFHDd , E6vnXfTRHb4EM5feL1wPY7 , 8KsZnqiAEv4LQzZVAwHVv2",Hoffman A-36P30
ALFSWD,"LED, LIGHT KIT, REMOTE DOOR SWITCH,
ALLEN-BRADLEY # ALFSWD",$61.84 ,,2700443000,Hoffman,American Electric,,,E61997,NITW2,"K9e5ESk71s4B2mlj1zFz74 , WAhFprPNgL4KQ3OaD8o1Gd , ddPuCp7lDZ4S2inTrpwYJ6 , qM0_7m1nK741YxX9lSj472 , TR9PPrNser4VQNCyGyEEH5","9Y-z6FHKsw4KMsUjwcdC16 , GqUlMwg8HU4wiLaaWeIgHe , teNRxJADpO4tA4lUV-DcD0 , IPX5IpscFp4ratUb7LZZR5 , pdVfG0ie7740aobGuRcyoc , ncKoQz3wxF4nmrZhqN2LF6",Hoffman ALFSWD
5069-RTB64-SCREW,"5069 COMPACT I/O POWER TERMINAL RTB KIT
FOR BOTH 4 AND 6 PIN SCREW TYPE
ALLEN-BRADLEY #5069-RTB64-SCREW",$38.09 ,,2853161001,Allen-Bradley,Rensenhouse,,,E195367,XCFR2,"p-95dSbbP14FuSnaZuPK81 , 7pH8OPGhdP4K2t6OKlNtxd , BXsuqxKizs4DYEmbJz-h_2 , 7lQrjwP94_4aqqESZ2ksi7 , zr1339eF9040I_4X4lUtU7","pHy5LrbfU24iQ9OCJx7rL8 , foMWtKA4rV4hqkHiiUBm-f , 3L21d0K1E94JaasvZJIxn6 , cni273gCQI402mKcr9blq6 , -3vfMjBWVC4zurYSo0S5i2 , eImcPRBQ634_EcGi5voOR5",Allen-Bradley 5069-RTB64-SCREW
5069-L306ER,"MODULE,PRCESSR,0.6 MBYTES",,"MODULE,PROCESSOR,0.6 MBYTES,ALLEN-BRADLEY COMPACT LOGIX
5380 SERIES CONTROLLER,(2)ETHERNET/DUAL-IP PORTS & (1)USB
PORT,1.0 GB SD CARD,UPTO 8 I/O EXPANSION
ALLEN-BRADLEY #5069-L306ER",2853162000,Allen-Bradley,Rensenhouse,,,,,G9JKlVcY4p4XYyktTq6h6f,6ztrPiZ03W4se7m41h-v36,Allen-Bradley 5069-L306ER
1492-J6,"BLOCK,TERMINAL,600V,#22-10AWG, COMPRESSION CLAMP,GRAY BODY ALLEN-BRADLEY #1492-J6",$2.12 ,,2807797000,Allen-Bradley,Rensenhouse,,,E40735,XCFR2,"3LeCruLZvD4cY2mIuBVT03 , tQxf2aEn7A46i7WvhKcAT3 , fo1Xd9mjMj4netO3XvCy_e , QJtUXrCpZT4zQPIfvm4E91 , 14tcAw2Kz844A2oc-ucF5e , pNOHTdwR4i45mBIwS20CNa","j3Yx-lYef14pEWHsm2tbk8 , e4_jZxfVUE4ji3LadhfUo8 , HW9btA8Bfs4TeQ1tGgmPjf , FSfvn0nV5C47YVbfsMyIo4 , dJyEzKNwV04iQLyNhbxCg6 , p1-_IcjwZF4tydr6TEB4z7",Allen-Bradley 1492-J6
"STOP, END, (ANCHOR)TERMINAL BLOCK","STOP,END,(ANCHOR)TERMINAL BLOCK ALLEN-BRADLEY #1492-EAJ35",$2.64 ,,2807508000,Allen-Bradley,Rensenhouse,,,E40735,XCFR2,"cennLjuAUw4VuYxY_Rvmq1 , utrGOYmmeu43igH5EH4R6f , MD6SigQ9WV4TyJTT4yf1r3 , 1wBG9VcqgL4r6ku4mjBm1c , 5Wk7U_j4Wg4kI7aNxfqYy5 , ux5vphTwO44NYR3sXil2ma , TyE00DLp-K47MrZOAwZJh4 , 2igENGHIrl4GiSiUErXWr1 , PtKh6sT-cM4CYsTaF_KgE7 , EDEmyKO3QN4ravYz5UH8x8 , wnoDUGaRMk4iQx6ybx6x78","E2A_kx8QoX4YMPZpSavQHe , 2w8CXI31CM4sqK4El-mAa0 , QpLtnk8gr340iW4ezWNFoa , G9op9KX3-J4eIPwAAsUXn0 , iPUBHVmlBG4gq_gMh_4ytb , jHPjVHZWC44tAx7Hm0kfd1 , H8kLOgTvLD4a2XkLcVwOGa , kyIMa5si4z4lABlm_Buyt6 , S5QJT92shT4Kuq6hgsHT5c , z5jwIBYLMY4yyFYEWPu4E8 , OG5-lhmJL74MAhnkC5kOYd , wzYyxJpwdQ4zE3I7sfQpm4","Allen-Bradley STOP, END, (ANCHOR)TERMINAL BLOCK"
5069-RTB6-SCREW,"5069 COMPACT I/O 6 PINS SCREW TYPE TERMINAL BLOCK KIT
ALLEN-BRADLEY #5069-RTB6-SCREW",$23.09 ,,2853171001,Allen-Bradley,Rensenhouse,,,E195367,XCFR2,"510QdlRVa-4wQw93xE7oN0 , o9JhC1cnFz4a6T4C9cjYO0 , PTiSIZXTOY4TU8QZbut6i2 , wvJnOyt50z4Ku2kmJjAkje , 4WyaFMuird4gqW75DPQbod","7_B95nLmcS44yEoghLJYA2 , O0oo540Vl244y1g4JRVQh9 , nGf5H-FF7-4Wm2-BR4ba1f , VaAw-J4GbD4fu4loVBZkT5 , -hKyRRoBSS4NySfYSq58bc , anb8kEQHpg4fyKiak2tFc9",Allen-Bradley 5069-RTB6-SCREW
1492-PD3163,"BLOCK,TERMINAL,(3P)400-#6 LINE CONN & (6)#2-14 LOAD CONN     ALLEN-BRADLEY #1492-PD3163",$120.07 ,,2808143000,Allen-Bradley,Rensenhouse,,,E40735,XCFR2,"g4yVvMXj5Y4R2hVEUprOY5 , ESjXgOruFt4rQfzYcpag19 , hApHxVWnt14juH-kLxuDId","O3tiKUWns04kI_GX4-0Ui6 , tyw2v4d2wL4pE1HJjw_ou9",Allen-Bradley 1492-PD3163
"INTERFACE,OPERATOR,PANEL VIEW PLUS 7","INTERFACE,OPERATOR,PANEL VIEW PLUS 7,PERFORMANCE TERMINAL,COLOR 10.4"" TOUCH SCREEN NEMA ETHERNET COMMUNICATION PORTS 24VDC POWER SUPPLY,512 MBYTES FLASH MEMORY,512 MBYTES RAM ALLEN-BRADLEY #  2711P-T10C22D9P","$5,183.79 ",,2852863000,Allen-Bradley,Rensenhouse,,,E10314,NRAG,"ilIm0B4GKZ4UicrGfmpVK1 , DzTAbMgBus4K6U5yEyauq5 , H4fA4jRPyg42mAe4jca1c0 , vsZcCQ_S674BiRaHhs8yW9 , Lg0nkyL1yW4j6IQdXJEFK0","tM356iO3Ed4NqRzscIN606 , 2IHZGXvC_P4JA3IGrM1Gg7 , Ld14chcW0A4xIvgWUcYILb , LPPeASjQ_q4KEGlsD3Kg3c , abm6NsJwiv4BE2gT23HoP5 , ssg9mtmp8L4c2_gHmPpHZ6","Allen-Bradley INTERFACE,OPERATOR,PANEL VIEW PLUS 7"
"CIRCUIT BREAKER,10AMPS","CKT BKR,10AMPS",,"CIRCUIT BREAKER,10AMPS,1 POLE,277VAC/48VDC MAX (UL/CSA), 415VAC/48VDC MAX (EN/IEC),TRIP CURVE C ALLEN-BRADLEY #1489-M1C100                                  (OLD# 1489-A1C100)",2851735000,Allen-Bradley,Rensenhouse,,,,,mVjcXufwh544e-zbaZ1vBe,PgdhZ89VH54RitI2F-aE11,"Allen-Bradley CIRCUIT BREAKER,10AMPS"
1769-IF8,,,,,Allen-Bradley,Rensenhouse,,,E334470,NRAG,hk6esVx6ED4Q2F_EJOLH50,,Allen-Bradley 1769-IF8
1784-SD2,"MODULE,MEMORY,SECURE DIGITAL,2GB
ALLEN-BRADLEY #1784-SD2",$133.95 ,,2852004000,Allen-Bradley,Rensenhouse,,,,,"sTGv1nPfqZ4_ej7jkloKFe , ZyjxPLCGNK4bMn8vBLXuTc","JP6HXdqXr-4_MwyXen0zx7 , xVAYIQPMcv4I2puSFDBbad",Allen-Bradley 1784-SD2
22-HIM-C2S,"KIT,DIGITAL OPERATOR,REMOTE PANEL MOUNT FOR
POWERFLEX 520 SERIES
ALLEN-BRADLEY #22-HIM-C2S",$433.08 ,,2852576000,Allen-Bradley,Rensenhouse,,,E59272,NMMS,ixrQr72Toe4cqGvpHrSEHc,"dN8SRsEhn-40MiZj4O1XN4 , bWk4I1P3aN4iqJhPL-FGa5",Allen-Bradley 22-HIM-C2S
25B-E019N104,"VARIABLE FREQUENCY DRIVE,POWERFLEX 525
600VAC/19AMP/15HP(11KW)
IP20 NEMA/OPEN ENCLOSURE,D FRAME
ALLEN-BRADLEY # 25B-E019N104","$2,876.36 ",,2854589000,Allen-Bradley,Rensenhouse,,,E59272,NMMS7,1lwET7bB2R48ahOJAzMSx5,"tOzGfI3xtz4mAk-NE7RXA4 , uBPzwk1tyP4veXQVsPLw21",Allen-Bradley 25B-E019N104
800T-XD1,"BLOCK,CONTACT,1 NORMALLY OPEN
ALLEN-BRADLEY #800T-XD1",$22.51 ,,2807500000,Allen-Bradley,Rensenhouse,,,E14840,NKCR,"a3RGqCVk15452z3JzG8Bz6 , V1YSx1SblE4vU6zsFN3Rn3","-dIjsIzjlp4JIQiiKsM234 , 15t_36FDFl4wEc9x6a5ikb",Allen-Bradley 800T-XD1
1492-M7X12H1-50,"MARKER,TERMINAL,HORIZONTAL,NUMBERS 1 TO 50,(108/CARD)
ALLEN-BRADLEY #1492-M7X12H1-50",$21.85 ,,2850936000,Allen-Bradley,Rensenhouse,,,E40735,XCFR2,"bfJCMtVKBi4T60tewFDfre , aniM342TBx4JqgCbY9t8bd , _VN8MxGDPK4O2DAHhWDmNa , yu17Agybbn4PMzVZplr8f3","VV_szf8BLP4-YpZe-vXdq4 , QC1ZsZXA0-4pQDUteJY-Ne , P_mCOP6M1-4NUtcdI0_qk6 , LBkzeCiNeY4iao2XC0I4sd , IoSWkXZYFf4zQjJr29RGac",Allen-Bradley 1492-M7X12H1-50
800H-AR9,"BUTTON,PUSH,YELLOW,BOOTLESS FLUSH HEAD,
MOMENTARY CONTACT,NEMA 4X
ALLEN-BRADLEY #800H-AR9",$84.35 ,,2807645000,Allen-Bradley,Rensenhouse,,,E14840,NKCR,"A7JbJbFvXP4VMEIGUGEuxf , YJRsxWDkC54VAO1-xrL0vc","rl4h57Z3NT4bETbprzc_m1 , mJSEi9CIpP4VapGaQEVC-e",Allen-Bradley 800H-AR9
"CIRCUIT BREAKER ,4AMPS","CKT BKR,4 AMPS",,"CIRCUIT BREAKER,4AMPS,1 POLE,277VAC/48VDC MAX (UL/CSA), 415VAC/48VDC MAX (EN/IEC),TRIP CURVE C ALLEN-BRADLEY #1489-M1C040                                     (OLD# 1489-A1C040)",2852243000,Allen-Bradley,Rensenhouse,,,,,ZeaZBGDGjE4qa94upqQG-9,y5Q_-8Fds34M2VYilai1ef,"Allen-Bradley CIRCUIT BREAKER ,4AMPS"
800H-FRXT6A5,"BUTTON,PUSH-PULL/TWISTED,MAINTAINED,
RED MUSHROOM HEAD,NEMA 4/4X,2NC
ALLEN-BRADLEY #800H-FRXT6A5",$195.33 ,,2850945000,Allen-Bradley,Rensenhouse,,,E14840,NKCR,"k54FYKwc304I2Micxf4x9c , m74VOkhFSM4P2GEpachPcf , OzHWJIMOjZ4VaY5l6bReqf , 519JcKWqZD4vuz4RTlIzH4 , QKGiea9pkV4ha8KXiNB0a2","XC8L1DJKeX46mpp0nyNGS8 , XbrjxwS2gP4ge6iCYKgB32 , 6t3UORL27F4V2vxWqNvhRa , luAj1lcHxp4jqYLCUxPfH1 , rZup6K2rGB4AaqmpO77su9 , 5YSNpVkz6f4VUqQffFjRp4",Allen-Bradley 800H-FRXT6A5
22-8AWG ALLEN-BRADLEY,"BLOCK,TERMINAL,600V",,"BLOCK,TERMINAL,600V,#22-8AWG,COMPRESSION CLAMP,
GREEN/YELLOW STANDARD GROUNDING BLOCK,
ALLEN-BRADLEY #1492-JG10",2854069000,Allen-Bradley,Rensenhouse,,,,,N2AGVSljb94uqRgo8SxYcd,Snb6pUvNck4jmrjLybDCc4,Allen-Bradley 22-8AWG ALLEN-BRADLEY
"COMPRESSION CLAMP, BLUE BODY","BLOCK,TERMINAL,600V,#22-10AWG,COMPRESSION CLAMP, BLUE BODY, ALLEN-BRADLEY #1492-J6-B",$2.28 ,,2807779000,Allen-Bradley,Rensenhouse,,,E40735,XCFR2,"Zn63d--KVJ4liOHvouslqe , S3XA7f5j6V4Zm-luZl5uD4 , qiRErNkNOl4kEnemkZA7q2 , jMp9PweUXj4eMiXJZb0M9d , XnspBbLdck4kIeYyb-Vr88 , GODhmNmBDq4rE9U_QFF9F7 , WiZL2IlF064GQHfCHj6aV0 , QTeI-a5vdZ44q8k7StOF0f , CHbk5dnk5g4kuPizcMbRh8 , 1TfyLa3pNu4AMNJHvvq6B9 , P3EfoHu3ZP4SuiUe3mUfr1","wALbJ_t-2s4mqTUKK2Zcp0 , C1YEDWlqnQ43UX1-Rrn-c3 , zPvrj5C2rk4hu1qjarhg41 , jLDdHoz-iF4XYOFSBgWSjc , Q2fqXjXLzn4n2PIrG722m8 , y3Ai4kds3y4JQAhiehN132 , Ry10lBdmHC46ITDDe3s109 , LfzivB0Dwm4VuLs24NU0ta , o4A62Plaau46MGUMp9Xlk8 , Vc5_SuVXZu4hAjneHjOVz8 , uuaftHi9HR4DaN5IR1WXo9 , vi2LggRC9P4_y9YQstt2B7","Allen-Bradley COMPRESSION CLAMP, BLUE BODY"
1492-WFB4250,"BLOCK,FUSE,15AMPS,85-264VAC,1 POLE,
LED BLOWN FUSE INDICATOR
ALLEN-BRADLEY #1492-WFB4250

NOTE TO MECO: CLEAR LIGHT AT TOP OF BLOCK
              DESIGNATES WFB4250",$27.85 ,,2809537001,Allen-Bradley,Rensenhouse,,,E40735,XCFR2,"fQyZK9QPXK45AWUZ7k4cIe , b8b0Sxn0FM4smgM23WeVL5 , 5wQS8Wyp3j4bqZYHtV4FD5","oxFJ-MOhk44juaPmCfprC5 , ElpZ0PpDgy4N2k9F6rF2N3",Allen-Bradley 1492-WFB4250
5069-IB16,"MODULE,INPUT,DISCRETE,24V-DC,16 CHANNELS
ALLEN-BRADLEY #5069-IB16",$296.35 ,,2853163000,Allen-Bradley,Rensenhouse,,,E322657,NRAQ,"tprsf_TSlF4vuoMBq5CCW3 , 3kgW0P6M5G4MmbJxixXLh3 , ZiI3ELWeNo4zEe7UW7Gme2 , NiWeiIpTPz4X6cH0IKPAF5 , emHdO0A3L14DA2OOiwRON9","5pirXCNPBz41IIueiL8I4f , LOzwdB2iYT4tiTxwnF5P38 , hBic1Dr-um48YZHr_Pkkf7 , s9FXv7dqeO4gixsiu7Sjna , N7gYgjwK0h4fAxWD-XRGa1 , _OLBPHJm4m4ZMOOLZwaHg2",Allen-Bradley 5069-IB16
5069-IF8,"MODULE,ANALOG,8 INPUT VOLTAGE/CURRENT
ALLEN-BRADLEY #5069-IF8",$976.96 ,,2853165000,Allen-Bradley,Rensenhouse,,,E322657,NRAQ,"bpG_NU430l4zqqsHLFODs5 , _VwC31sbGf4zu73ntTxzx4 , FkMLdJnr8949Q3Js4R35X7 , b_LELZz3nV4liec3iE9oT1 , gMcPfKHrr-47mR7FPYPfM8","CLWGPLVm4u4sMwF3nBzEC4 , Gd99XAzvqN4-q2o0dRmNZ0 , gnqGhg420t4RebHq6tBBj3 , UIr_s2jQ2v4ua1gqhhh644 , pgRL4yZbLo4jqI2GTHEio9 , wxS9g_8OC743yPWug6BSo5",Allen-Bradley 5069-IF8
5069-FPD,"MODULE,FIELD POTENTIAL DISTRIBUTOR
ALLEN-BRADLEY #5069-FPD",$176.92 ,,2853171000,Allen-Bradley,Rensenhouse,,,E65584,NRAQ,"wxaSJQpM804ji7qWt9MVR4 , L6bUMWZSc44VuF5ZBaOaO3 , 54lBPdiOyY4diIxqPLl1X8 , R-of07fVHX4nUMkWf7rhOe , D0cLqJ2UkJ4KmItiMExeT7","hhSzz3gbsh4jUNAO54Ypn9 , UJySpLUm7R4Jy6_s2dcsMa , 5tZbrYyzrk4eavIVk-95y7 , wuefzUj4OG4CQ9lmwSOKBa , 0CwsBVcNQN4rqCceQsSNjf , hxRD8FYqd-4rEPjxG5POW9",Allen-Bradley 5069-FPD
5069-L310ER,"MODULE PRCESSR,1.0 MBYTES",,"MODULE,PROCESSOR,1.0 MBYTES,ALLEN-BRADLEY COMPACT LOGIX
5380 SERIES CONTROLLER,(2)ETHERNET/DUAL-IP PORTS & (1)USB
PORT,1.0 GB SD CARD,UPTO 8 I/O EXPANSION
ALLEN-BRADLEY #5069-L310ER",2853161000,Allen-Bradley,Rensenhouse,,,,,C65tXR8AaA4p67kYhKgWQ3,Z722Vn2OpL4iUYJdPMdJqa,Allen-Bradley 5069-L310ER
1492-MS6X12H1-50,"TERMINAL MARKER,HORIZONTAL,NUMBERS 1 TO 50 FOR TERMINAL BLOCK
ALLEN-BRADLEY #1492-MS6X12H1-50",$14.15 ,,2807511007,Allen-Bradley,Rensenhouse,,,E40735,XCFR2,"lbF541tRDp4VMOfErfzA-6 , K7lgiVpUrW49ivpew3LTca , 9Jt1_uRpTl4XApGqmND0X4 , waXVitisoC4EE5qu3YeFX0 , ojpiN60hCJ4nmMpzLCCZm1 , 7TLGMoPUMY4CmrWBQleAAf , tAVlKL1Wny4KmHfU2wIyx3","naNrUZKobi4oQJ4ZHIJvA8 , 9alDi82sZH48u8TtjvZ-p7 , 0ZryuWZePI4WQ7D25G31z0 , wNS1bkv7XC4HYitAJXoaM4 , nDLNDiSEGQ4xUZgh2xcKaa , _S3Uq-O0ay4KEMj6eIjJyd , 0FFh8O3jn_4qi-LKkoYuRe",Allen-Bradley 1492-MS6X12H1-50
"JUMPER,CENTER,10 POLE,FOR ALLEN-BRADLEY TERMINAL BLOCK","JUMPER,CENTER,10 POLE,FOR ALLEN-BRADLEY TERMINAL BLOCK #1492-J6 ALLEN-BRADLEY #1492-CJJ8-10",$8.93 ,,2850937000,Allen-Bradley,Rensenhouse,,,E40735,XCFR2,"4KUc54ba4n4Ry-g7nXizoc , 6Yzm-990Mv4_ygWqKIFn97 , _MA7kqlKZG4TQsvD3swIp3 , rL9tHmy5LD4oa9unxJXKEa , mlnpd52AHD4FaGZDTxOB99 , c3BKlL8MAc4y6s4dEw4V_0 , rU56U2htyl4JqddHeDh9i4 , BdYbODRf2L4UQ-ObPZAg21 , UeGXJCv1aH4gicg6G4-Bb0 , ur5KY9Q3iK4sQ3Tp9Dz4ta , abm-Xqgwqv4VqN4K4yKoqd","5niSmz1Hpr4ZqVBKhH9U61 , Q--v2cnote4RqcWdBdkpI1 , ciyPKrtVZi4GIze6D-4UOa , Q6czXQKYNM4RQSuUu5Gv9e , mk0WQVwjTN4P2QJIDiHSyc , Psle67sFXl406JScqUMAd9 , lcfgVpP06d4yiJnLtwbCB7 , 7Vmn-QFCgL4J2ubGYdsDdc , dIqNxCe00-49yC-zbRCIAd , CVVnMcy5di4k6-2f7_3LAd , f66g8ylZIN4U20FxWcnfy1 , YvajkJqXXR4UaM-IwR9E2b","Allen-Bradley JUMPER,CENTER,10 POLE,FOR ALLEN-BRADLEY TERMINAL BLOCK"
1492-EBJ3,"SECTION,END BARRIER,TERMINAL BLOCK
ALLEN-BRADLEY #1492-EBJ3",$0.98 ,,2807770000,Allen-Bradley,Rensenhouse,,,E40735,XCFR2,"ysMrnJV0wx4X6Yx-N2Ig51 , Mk1JkWkZ984pY4nsRUQP44 , 2zdNV_AFwD41Irn6oIXD_3 , P0cAyfVIZL47mGXrtqBSA4 , jbfPVIoBpF45IyR368dNC9 , 3Drp6btqes4OUwvudD6Aqe , HSEtovAOrG4feUBFZCfPt4 , N2b-Vtux1T4NUjKzTp-oX7 , IWhWqfeJKA4PEeQ7QhpG-4 , 7UGpMmTChm4kq0SM99z-_8 , 3mCimha69Y4GE1O17VoJj1","ILrG8GzAqv4qUurzENly38 , dmf45GefWM4JypSXYbTME5 , ysyTThRLfI4taJggIkN9C2 , mSGMc7bT1W47aoaM9Tca2f , Yv6ZoeMeSw4byOP1WsqP0b , g6Zp3kOnA_4-aq1x-nu_y8 , Pmgc7QZ4Ik4_QzOuKsNaNe , CtIIdTjjiP4M2WDZmXNjha , 1I7zU1LxP44vYkD3nhmut7 , cDNxs-U0M24je9-ILeo424 , HrNhJUp7_E49EJAV_5J-Y6 , ZsRBBqp86b4RmGyQ_2v7_7",Allen-Bradley 1492-EBJ3
440R-N23126,"RELAY,SAFETY MONITORING,1 N.C. INPUT,3 N.O. SAFETY OUTPUTS
24V AC/DC POWER SUPPLY, 1 N.C. AUXILIARY OUTPUT,FIXED
TERMINALS,AUTOMATIC/MANUAL RESET
ALLEN BRADLEY #440R-N23126",$297.48 ,,2851921000,Allen-Bradley,Rensenhouse,,,E192904,NKCR,"2H6NeXk-hY4auB6tAxCbJ6 , -s02KJqr0S4VuUojkudlKb , QsvYIQ1fqT4uiw6Nc7LE0f , R4elSqGc8P4mEl_TABuaOf , CaCCld9Rui4Fa-MuWKDeFa","NNRm4mPb9S4Uq2VXvCZIE0 , 7xlL7XGL_N4jMReY9y_fJ9 , XSlHLJXl304W204ByQaqA0 , 71FNNdJJhO4aEejzn9qHIa , LhIWfl1y5-4oUEm5Vr9Hhc , puH-zVWO2N4-mgxXFruvK5",Allen-Bradley 440R-N23126
"BLOCK,TERMINAL,600V","BLOCK,TERMINAL,600V,#22-10AWG,COMPRESSION CLAMP, GREEN/YELLOW STANDARD GROUNDING BLOCK, ALLEN-BRADLEY #1492-JG6",$7.66 ,,2807774000,Allen-Bradley,Rensenhouse,,,E40735,XCFR2,"pmSWpkSjCp4t6ftYndPMwe , fGXHt-o9_E4Gaw47QzkYgc , Dw9n9AKBRE40QntO3ulEI0 , uhdiVEsR9P46M6iJHw9SX7","Z3Na_LCtZO4qEdKLOXuOze , HLHAPjKFjg4w2QddEPnxP3 , STL_K_VCQO4rirRhikQk8d , ssPQPUrYGe4cAB8zEBHfje , tK3Za_anOx40QlwZu9mao6","Allen-Bradley BLOCK,TERMINAL,600V"
5069-RTB18-SCREW,"5069 COMPACT I/O 18 PINS SCREW TYPE TERMINAL BLOCK KIT
ALLEN-BRADLEY #5069-RTB18-SCREW",$69.63 ,,2853161003,Allen-Bradley,Rensenhouse,,,E195367,XCFR2,"LajuX75FYi4jAisXySKMVc , 6uS9LK2l764JadyYMupkW3 , md9kILkmez4EiJ-aFu0_v3 , -knuWiyf-Q4wUozfSFSrlf , RQoMy-bJEG4Big4KZPfER4","4kJxgOiw4O4LMCWYHHnh09 , RMDIAfus-H4DmvZnYJ0Xg8 , Uhg-cJB3sb4quMzQNypWo6 , 5zPLXiUbmT44md7Nyldgs4 , 5E39-i5ykj4tehlemdEDp0 , q742ljsm7E4mYSorxePf70",Allen-Bradley 5069-RTB18-SCREW
1492-FB3J30-L,"BLOCK,FUSE,600V,3 POLE,30AMP MAX,FOR USE WITH                          CLASS J FUSES,#14-1AWG WIRE RANGE,BLOWN FUSE                          INDICATOR                                                              ALLEN-BRADLEY #1492-FB3J30-L",$124.24 ,,2851584000,Allen-Bradley,Rensenhouse,,,E40735,XCFR2,rVELcPryin4NIOIroQb4c6,"Eu9f0ALNEl42AQGDAKJ3C5 , 5D5CMwhvdf4teR0c-oe940",Allen-Bradley 1492-FB3J30-L
1492-FB3C30-L,"BLOCK,FUSE,600V,3 POLE,30AMP MAX,FOR USE WITH CLASS CC FUSES,#16-4AWG WIRE RANGE,BLOWN FUSE INDICATOR ALLEN-BRADLEY #1492-FB3C30-L",$77.98 ,,2851908000,Allen-Bradley,Rensenhouse,,,E40735,XCFR2,"u_9irzAjay4VilZ8Tl_czb , RupWC9Yo8w4Y6JbvB4uHW2 , SkCUvo5gkW4SYXZd78YSJ0","38D038xRg449Uoqb3ovxPf , cjiYTlAJot4yuiWq8pdeua",Allen-Bradley 1492-FB3C30-L
5069-L320ER,"MODULE,PROCESSOR,2.0 MBYTES,ALLEN-BRADLEY COMPACT LOGIX
5380 SERIES CONTROLLER,(2)ETHERNET/DUAL-IP PORTS & (1)USB
PORT,1.0 GB SD CARD,UPTO 16 I/O EXPANSION
ALLEN-BRADLEY #5069-L320ER","$4,134.87 ",,2853176000,Allen-Bradley,Rensenhouse,,,E65584,NRAQ,"pg6UzwE37k4pugNdajEG-a , -TQ1HaGwuL4vYIuf5UcUSe , QLFB5S7aO94uixv2zH9308","_gbml2J51d4Z2UpvRl7BZ2 , nouRMUn7mK4REM6VDXl740 , RN1TTza5Lk46AJjF4wou59 , 8onZo2xqzd4gel3CCb7Hy5",Allen-Bradley 5069-L320ER
"BLOCK, FUSE, 600V,1 POLE, 30AMP MAX","BLOCK,FUSE,600V,1 POLE,30AMP MAX,FOR USE WITH CLASS CC FUSES,#14-6AWG WIRE RANGE,BLOWN FUSE INDICATOR ALLEN-BRADLEY #1492-FB1C30-L",$24.95 ,,2850940000,Allen-Bradley,Rensenhouse,,,E40735,XCFR2,"nN1mn-2UNk4HaaXPodHM93 , KVxTWTOWJB48EXjCMbE2vf , e4wtI-rUZ94Wiubvq7cnO9 , JhTslw_dnQ4dICdSST8SN3 , XW6pBTAv-u4hirxHgXfAC9","FSnyvW8uuS4wUWim6PImP3 , ebJX_tjrJ34ZyXS3HhlDNe , kUOu1Tr1bO4Aq9WJJVwHn8 , 7OUwfTaTU94YIz4x0dsjT4 , qq8KTAGctX41me2UwxUtV6","Allen-Bradley BLOCK, FUSE, 600V,1 POLE, 30AMP MAX"
199-DR1,"CHANNEL,MOUNTING,TERMINAL BLOCK,1 METER LONG,
DIN RAIL 35MM X 7.5MM
ALLEN-BRADLEY #199-DR1",$12.91 ,,2807512000,Allen-Bradley,Rensenhouse,,,E3125,NLDX2,"4D5-jPCd9F4Sq8Z-s7ZEI0 , STGUY4W8K84XEvqzIzo0cb , rl8AQTPPKb4tId1IuLDtbb , jwJPsy_Hi_4N2N5chZSa9d , qlrKwbCsO94wILi-U6yOA6 , 3nUqNiSF3E4nyPZTmkwU68 , _ydcwxDwPM4QawIC_6fCm8 , Q0iJTRQbm-4gU7Jw7w5gxc , 30OP0eDT5y4eYx595_w7r7 , PB_ju-xK6T4G208-qIMy91 , KeM3ZsIoKr4AUGz-IeA9N6","FAp9bx0tR243U12rV6UYC1 , JFHIGvUMLK4-UM001cUmqe , mQRUx_Fmbo4ciVFZ1-6eRd , u1_GAOuyoW4_I95uHGbln8 , jXTaVir6ww48iEXNAR7Qb5 , sQpY1b2lLI4XahP3Qow6i1 , dxPHXVIB1K4jMAyLviwek9 , jWbHXgiGfI4V2ufjxliYW2 , 2BumwOuIJZ47ULgTnhMT20 , wsm23Jy2Ii40AP5lTHjKxa , IWshoIPYhg4RUqy4lD6gE9 , 5G8yBEL7Q24qigZ35cWTS9",Allen-Bradley 199-DR1
1492-WFB424,"BLOCK,FUSE,15AMPS,10-57VAC/DC,1 POLE,
LED BLOWN FUSE INDICATOR
ALLEN-BRADLEY #1492-WFB424

NOTE TO MECO: RED LIGHT AT TOP OF BLOCK
              DESIGNATES WFB424",$27.85 ,,2809537000,Allen-Bradley,Rensenhouse,,,E40735,XCFR2,"SBkHXDukpv4giirEXSLCU9 , NqbG9DfgqR4OAG3iFZhww8 , nJONp4O2yr4HmmL0Z3t70c , IR8p9Vcsnh4SAfVEgOD616 , eWUfypaURO4JAAQ1hx71c7 , U87At9lbBI4q6F5c37XYy5 , igCQxrQRJR4FEu2dxOPoL7 , TlFHRa5ID84Ha7x5XXPvm5","7gnfwfaXWq4kiga49g9Ky2 , SEa79WmFNX4K2OCMooM71f , qUgEEM768R4DiFK8rAquNd , i9jTDGfBTV4pQxVAeX7tg9 , zzC4lvn2Rk4p6rdqDkKfm9 , uP8PVCtLtw4QEj5xPtIR_7 , WyV7flOOIm4aiWMKzkROWf , Cj-hW4yASR41irxHDmmnn9",Allen-Bradley 1492-WFB424
5069-OW16,"MODULE,OUTPUT,DISCRETE RELAY,AC/DC NORMALLY OPEN,
5-265 VAC,5-125 VDC,FOR ALLEN-BRADLEY COMPACT LOGIX
ALLEN-BRADLEY #5069-OW16",$788.77 ,,2853164000,Allen-Bradley,Rensenhouse,,,E322657,NRAQ,"7wGQ7_pjDb4YEZMQ_aQV0e , 4IxoiKxG2d4GQ41v1EgxR2 , nl3xdcgAx441yvy_5s8v41 , 4PIaFICpLh4MI9LHUjmBl6 , 1PTEhw8G6n4F6IxUmqv6m9","niF-chXm-54ZyxUYag7-fd , D_BNynLelo4xas7BAFHQ76 , 4OWB4V4vPv4mED_90ApDb8 , Lr2NvcBr8E4vyW5r8x7Z42 , EzSERmt8Ac4juXfIwZ3c3d , WftA4vI-3h4QyZkLosgUo1",Allen-Bradley 5069-OW16
5069-OF8,"MODULE,ANALOG,8 VOLTAGE/CURRENT OUTPUT
ALLEN-BRADLEY #5069-OF8","$1,712.76 ",,2853167000,Allen-Bradley,Rensenhouse,,,E322657,NRAQ,"-At8ztSDWP4N2U433g_E80 , 06HfAGLtRO4que-VwGxPn5 , 4KX0JoLIDL4XA_AFzwZsS9 , ERHUEEy3f74VQtLnQl8QR1 , roAdh4C-bZ4_ABleLpEMjd","m_9F03KLfc4iU0gXlft984 , xxb-GLNoma48QxICT3xvQ0 , 262J0vKEXz4PMP1ITidBC4 , 8Keidh0Y8f4X2GN4wbvmo7 , DfXL-ng1Zq4bAdmIEch-1a , kl5Vivdjtb4hiF01-5qH60",Allen-Bradley 5069-OF8
300-DOD930,"CONTACTOR,NEMA SIZE 3,OPEN,3 POLES,N.O.CONTACT,115-120V,60CY COIL     
ALLEN-BRADLEY #300-DOD930","$1,186.57 ",,2851702000,Allen-Bradley,Rensenhouse,,,E41850,NLDX,"TnUBpxVKtv42UQwGT_xVf5 , G20_TCW6Ko4c64Jv7xv-_6 , xPzaY2W96t4i206m0YcMld","IbQwby6-Sd4jUP70TV8BR1 , mNzvjjfzIH4wMHBMuLAL6b",Allen-Bradley 300-DOD930
C1.5LG6,"COVER,DUCT,FOR 1.500""PANDUIT,LIGHT GRAY,PVC                 
                                                            
NOTE: EACH PACKAGE CONTAINS FOUR 6FT LENGTHS                
      UNIT OF MEASURE----FEET                               
                                                            
PANDUIT #C1.5LG6",$1.50 ,,2802759000,Panduit,Rensenhouse,,,E147128,ZODZ2,"jH5oe9wJQ54Nm5fJs8B_ae , t_gr10XA4_4WeIna-6_Ev2 , ZtSrFfVuBX4rIvl35DIv15 , 9Rai9MXtce4ce2CrpcixUa , gDbJl5qUVN4vA5XyDMMNT6 , Z9kq2iVS6m40A8tTuHr83a , mAEo_h4Wn04RyLH1vRmjX7 , qP5qWBdnUP4BMp-OHQJbhb","O5-SHEywI841MsGA0wNcre , qsK5OHhjch4mmPBQR_3WQ1 , cwVcILHFbP4vQgP_e5m1L8 , kr_Q9c-MSh4yMJuZub5ze2 , Gb6I66gBss46mggtZuXwsd , HmJx_zIQFy4pEEwanM_Tzb , GYuLRDSZ6x4UMU19Fb0k_8 , uMQV7j5zQX4xuOw3AF7raf",Panduit C1.5LG6
F1X3LG6,"DUCT,WIRING,FOR 01.000"" X 03.000"",
LIGHT GRAY,PVC,
PANDUIT #F1X3LG6",$6.87 ,,2850422000,Panduit,Rensenhouse,,,E147128,ZODZ2,"9cZb_-zPBS4umSNNIXULwb , zxbZnBBFSW4WAi33KgdoG3 , 4pbtYwH13o4jQWflqC8zU4 , lIu4f4gR3z4Ve-qBw6ysr8 , 4e4NWkaOlR4QizOhGvsKK2 , jQImMeuIfQ4lE5QtY1Ecvb , QHA4prvmR-4XMnLMFMv9b3 , y6BV5TwbMk4s27MOcwV1ne , RTzaxvOp7L4iAE2pJNr2ue","Y_2jr7ZA0g4vmHnN45g_ff , jxLnO3-3pj4DiPxdEnOe40 , PBMvrvpRas4Xif5YLrxRI9 , HY5yJcpqfN4UQrjqew9pEa , 6fsUSmNTRn43QZv-_EugN9 , -NuDIxnhZ14RabIbkGnkP2 , QHmm17rRhC4iM1vYT90ME4 , qjfzV1z4gb4hYLFnfkGSKe , SSpSbz8mOW4nUUbmPPO9r4 , aFtZ8BdKHY42ApfpNEodpe",Panduit F1X3LG6
F1.5X3LG6,"DUCT,WIRING,FOR 01.500"" X 03.000"",
LIGHT GRAY,PVC,(6FT LENGTH)
PANDUIT #F1.5X3LG6",$7.98 ,,2850362000,Panduit,Rensenhouse,,,E147128,ZODZ2,"B5A_-7g6wE4YEiPzlNPsY1 , 5ITJXGNbYA4zECbeWTzn91 , nLJX2zc2544aqEdwiJuD6c , MjecajsHPh4fIuWiDtRwWe , vuJD5py9hj4J6vjqaG_1ze , Dkl_vDdawS4buKVOpC9vC3 , OktN6X4umM4mYF3Hsrir_9 , 0NVnpYsXPC4XUsCP-9T0Ib","aPVV966b6N4-6OG5XXA3jf , 6R-YfLdHgZ4GiG40pn5hw5 , sw_XfwaEPS41uQjvNGe4wa , aeYpnjC5F04Suysf51rKt3 , FSl0n27RLI4U2hCluJ_XXe , xOaRF-kq5y4yMbg0YVImY1 , b0x1g9S8Te4vUbBGLDrbB3 , sUQRX4rMRI45q1lMVsWwd7",Panduit F1.5X3LG6
C1LG6,"COVER,DUCT,FOR 01.000""PANDUIT,LIGHT GRAY,PVC,6FT LENGTH     
PANDUIT #C1LG6",$1.19 ,,2802758000,Panduit,Rensenhouse,,,E147128,ZODZ2,"kd65SCUyL64GeCYHu7YgMa , KbbO9f7Wsn4nEch8oKkIu2 , 9Jyj-InkG_4KuBM-Bnuuve , rQG-ZRDG-K4Y6VX5K6xMlc , N_iKv2Z0hr4xQQka8iGf8e , c9T8v2dIEU4SM5pTyvpLka , 1nuw2uw8wj4nAgFpdOnE-5 , E3RB-rUiE34UIDG-8x2_N4 , Uft3-T5EYd4peiTtffsrR2","BTIFVdBHBh40Ao9sMvkO66 , UCFfvah6_L49ef798iIb29 , -EDnF74DdT4ciRon9m_7Ac , doajg2Om7Q47iL6n0fvw4f , HlUDl0RQoh4nYbQDbWxf-c , JtxY3XzLV34lM_ALPjiR45 , rA_-VB8s0a4SmkrZAXdMe5 , 3vcRX9hTbD4f6yuJKAMzq6 , PAwvEV_2l44niVViq-Job0 , F1yUiH7gwp42quJTReYXH7",Panduit C1LG6
